eval_id,eval_name,eval_dataset,eval_aug,eval_method,eval_K_fold,pretrain_id,pretrain_name,pretrain_dataset,pretrain_method,pretrain_aug,accuracies,backbone,K
zt8ez64g,__finetune__mirabest__minmax____pretrain__banner__all4one__minmax__resnet18__e600__p512____K1__as_is__info__,mirabest,minmax,finetune,finetune,60ffbwwo,__pretrain__banner__all4one__minmax__resnet18__e600__p512__,banner,all4one,minmax,[94.23077392578125],resnet18,1
w5sg4uky,__finetune__mirabest__mixed__byol_hulk_aug_mixed_model_resnet50__K1__as_is__info__,mirabest,mixed,finetune,finetune,nlmcibmc,byol_hulk_aug_mixed_model_resnet50,hulk,byol,mixed,"[90.3846206665039, 92.30769348144531, 90.3846206665039, 95.19231414794922, 93.26923370361328]",resnet50,1
l3f4d4wq,__finetune__mirabest__mixed____pretrain__banner__dino__mixed__vittiny__e600__p512__lr001__K1__as_is__info__,mirabest,mixed,finetune,finetune,5mn08b62,__pretrain__banner__dino__mixed__vittiny__e600__p512__lr001,banner,dino,mixed,"[74.03846740722656, 79.80769348144531, 76.9230728149414, 71.15384674072266, 74.03846740722656]",vit_tiny,1
6xytrmnj,__finetune__mirabest__mixed____pretrain__banner__dino__mixed__vittiny__e600__p256____K1__as_is__info__,mirabest,mixed,finetune,finetune,6jz72oq3,__pretrain__banner__dino__mixed__vittiny__e600__p256__,banner,dino,mixed,"[52.88461685180664, 52.88461685180664, 52.88461685180664, 52.88461685180664, 52.88461685180664]",vit_tiny,1
6aova0zi,__finetune__mirabest__mixed____pretrain__banner__all4one__resnet18__600__512____K1__as_is__info__,mirabest,mixed,finetune,finetune,2h5n923y,__pretrain__banner__all4one__resnet18__600__512__,banner,all4one,mixed,"[91.34616088867188, 95.19231414794922, 93.26923370361328, 92.30769348144531, 93.26923370361328]",resnet18,1
yj1xqwf2,__finetune__mirabest__mixed____pretrain__banner__dino__resnet18__e600__p256____K1__as_is__info__,mirabest,mixed,finetune,finetune,r55v8bjo,__pretrain__banner__dino__resnet18__e600__p256__,banner,dino,mixed,"[95.19231414794922, 95.19231414794922, 93.26923370361328, 94.23077392578125, 95.19231414794922]",resnet18,1
v18vud6e,__finetune__mirabest__mixed__byol_banner_aug_minmax_model_resnet50__K1__as_is__info__,mirabest,mixed,finetune,finetune,xtulgzz6,byol_banner_aug_minmax_model_resnet50,banner,byol,minmax,"[97.1153793334961, 95.19231414794922, 97.1153793334961, 95.19231414794922, 98.0769271850586]",resnet50,1
pn7b8w57,__finetune__mirabest__mixed__simclr_banner_aug_minmax_model_resnet18__K1__as_is__info__,mirabest,mixed,finetune,finetune,uiaz3umx,simclr_banner_aug_minmax_model_resnet18,banner,simclr,minmax,"[93.26923370361328, 97.1153793334961, 92.30769348144531, 93.26923370361328, 95.19231414794922]",resnet18,1
oo412cx9,__finetune__mirabest__mixed__simclr_banner_aug_minmax_model_resnet50__K1__as_is__info__,mirabest,mixed,finetune,finetune,4j8zhz46,simclr_banner_aug_minmax_model_resnet50,banner,simclr,minmax,"[93.26923370361328, 93.26923370361328, 94.23077392578125, 94.23077392578125, 94.23077392578125]",resnet50,1
d5dqds4f,__finetune__mirabest__mixed__simclr_banner_aug_mixed_model_resnet18__K1__as_is__info__,mirabest,mixed,finetune,finetune,hljzzxvp,simclr_banner_aug_mixed_model_resnet18,banner,simclr,mixed,"[93.26923370361328, 94.23077392578125, 91.34616088867188, 96.15384674072266, 92.30769348144531]",resnet18,1
ckyi4a7t,__finetune__mirabest__mixed__byol_banner_aug_mixed_model_resnet18__K1__as_is__info__,mirabest,mixed,finetune,finetune,jymmsi6s,byol_banner_aug_mixed_model_resnet18,banner,byol,mixed,"[94.23077392578125, 94.23077392578125, 94.23077392578125, 95.19231414794922, 90.3846206665039]",resnet18,1
a2921hai,__finetune__mirabest__mixed____pretrain__banner__dino__mixed__vittiny__e600__p256__lr001__K1__as_is__info__,mirabest,mixed,finetune,finetune,ef8jdr9u,__pretrain__banner__dino__mixed__vittiny__e600__p256__lr001,banner,dino,mixed,"[68.26922607421875, 72.1153793334961, 68.26922607421875, 66.34615325927734, 79.80769348144531]",vit_tiny,1
8r4h2q2i,__finetune__mirabest__mixed____pretrain__banner__all4one__minmax__resnet18__e600__p512____K1__as_is__info__,mirabest,mixed,finetune,finetune,60ffbwwo,__pretrain__banner__all4one__minmax__resnet18__e600__p512__,banner,all4one,minmax,"[97.1153793334961, 96.15384674072266, 95.19231414794922, 96.15384674072266, 96.15384674072266]",resnet18,1
4b4fudqk,__finetune__mirabest__mixed__simclr_banner_aug_mixed_model_resnet50__K1__as_is__info__,mirabest,mixed,finetune,finetune,u4crvqfs,simclr_banner_aug_mixed_model_resnet50,banner,simclr,mixed,"[94.23077392578125, 94.23077392578125, 90.3846206665039, 91.34616088867188, 92.30769348144531]",resnet50,1
33cfggun,__finetune__mirabest__mixed__byol_hulk_aug_minmax_model_resnet18__K1__as_is__info__,mirabest,mixed,finetune,finetune,uja9qvb7,byol_hulk_aug_minmax_model_resnet18,hulk,byol,minmax,"[93.26923370361328, 92.30769348144531, 96.15384674072266, 92.30769348144531, 90.3846206665039]",resnet18,1
ycyzfvhv,__finetune__mirabest__mixed__byol_banner_aug_mixed_model_resnet50_lr02__K1__as_is__info__,mirabest,mixed,finetune,finetune,x21qga53,byol_banner_aug_mixed_model_resnet50_lr02_600epcs,banner,byol,mixed,"[91.34616088867188, 93.26923370361328, 91.34616088867188, 92.30769348144531, 91.34616088867188]",resnet50,1
io74yami,__finetune__mirabest__mixed__swav-banner-mixed-resnet18-prot300-lr12-batch1024__K1__as_is__info__,mirabest,mixed,finetune,finetune,t2dojrsg,swav-banner-mixed-resnet18-prot300-lr12-batch1024,banner,swav,mixed,"[92.30769348144531, 93.26923370361328, 93.26923370361328, 93.26923370361328, 95.19231414794922]",resnet18,1
0lhieffu,__finetune__mirabest__mixed__wmse-banner-mixed-resnet18-singlegpu__K1__as_is__info__,mirabest,mixed,finetune,finetune,j9zyrugp,wmse-banner-mixed-resnet18-singlegpu,banner,wmse,mixed,"[93.26923370361328, 95.19231414794922, 97.1153793334961, 97.1153793334961, 94.23077392578125]",resnet18,1
bhqwxpu3,__finetune__mirabest__mixed__byol_hulk_aug_minmax_model_resnet50__K1__as_is__info__,mirabest,mixed,finetune,finetune,h86uf9vr,byol_hulk_aug_minmax_model_resnet50,hulk,byol,minmax,"[95.19231414794922, 96.15384674072266, 96.15384674072266, 97.1153793334961, 94.23077392578125]",resnet50,1
rub5xips,__finetune__mirabest__mixed__byol_hulk_aug_mixed_model_resnet18__K1__as_is__info__,mirabest,mixed,finetune,finetune,wgoatix7,byol_hulk_aug_mixed_model_resnet18,hulk,byol,mixed,"[90.3846206665039, 92.30769348144531, 92.30769348144531, 91.34616088867188, 90.3846206665039]",resnet18,1
x2dhixyo,__finetune__mirabest__minmax__swav-banner-mixed-resnet18-prot300-lr12-batch1024__K1__as_is__info__,mirabest,minmax,finetune,finetune,t2dojrsg,swav-banner-mixed-resnet18-prot300-lr12-batch1024,banner,swav,mixed,"[92.30769348144531, 90.3846206665039, 94.23077392578125, 91.34616088867188, 92.30769348144531]",resnet18,1
vp2kvrbk,__finetune__mirabest__minmax____pretrain__banner__dino__resnet18__e600__p256____K1__as_is__info__,mirabest,minmax,finetune,finetune,r55v8bjo,__pretrain__banner__dino__resnet18__e600__p256__,banner,dino,mixed,"[92.30769348144531, 92.30769348144531, 89.42308044433594, 89.42308044433594, 93.26923370361328]",resnet18,1
u06f0qyf,__finetune__mirabest__minmax__byol_banner_aug_mixed_model_resnet18__K1__as_is__info__,mirabest,minmax,finetune,finetune,jymmsi6s,byol_banner_aug_mixed_model_resnet18,banner,byol,mixed,"[93.26923370361328, 93.26923370361328, 93.26923370361328, 93.26923370361328, 94.23077392578125]",resnet18,1
tgo3k8ue,__finetune__mirabest__minmax__simclr_banner_aug_mixed_model_resnet50__K1__as_is__info__,mirabest,minmax,finetune,finetune,u4crvqfs,simclr_banner_aug_mixed_model_resnet50,banner,simclr,mixed,"[92.30769348144531, 93.26923370361328, 92.30769348144531, 92.30769348144531, 92.30769348144531]",resnet50,1
qxpps62h,__finetune__mirabest__minmax____pretrain__banner__dino__mixed__vittiny__e600__p256__lr001__K1__as_is__info__,mirabest,minmax,finetune,finetune,ef8jdr9u,__pretrain__banner__dino__mixed__vittiny__e600__p256__lr001,banner,dino,mixed,"[70.19230651855469, 66.34615325927734, 67.30769348144531, 68.26922607421875, 70.19230651855469]",vit_tiny,1
poshp8gy,__finetune__mirabest__minmax____pretrain__banner__all4one__resnet18__600__512____K1__as_is__info__,mirabest,minmax,finetune,finetune,2h5n923y,__pretrain__banner__all4one__resnet18__600__512__,banner,all4one,mixed,"[93.26923370361328, 93.26923370361328, 92.30769348144531, 95.19231414794922, 94.23077392578125]",resnet18,1
p7ktew8u,__finetune__mirabest__minmax__byol_banner_aug_mixed_model_resnet50_lr02__K1__as_is__info__,mirabest,minmax,finetune,finetune,x21qga53,byol_banner_aug_mixed_model_resnet50_lr02_600epcs,banner,byol,mixed,"[95.19231414794922, 92.30769348144531, 90.3846206665039, 92.30769348144531, 92.30769348144531]",resnet50,1
nq88qfja,__finetune__mirabest__minmax__byol_hulk_aug_minmax_model_resnet18__K1__as_is__info__,mirabest,minmax,finetune,finetune,uja9qvb7,byol_hulk_aug_minmax_model_resnet18,hulk,byol,minmax,"[92.30769348144531, 91.34616088867188, 91.34616088867188, 92.30769348144531, 93.26923370361328]",resnet18,1
kmd5uwlg,__finetune__mirabest__minmax____pretrain__banner__dino__mixed__vittiny__e600__p512__lr001__K1__as_is__info__,mirabest,minmax,finetune,finetune,5mn08b62,__pretrain__banner__dino__mixed__vittiny__e600__p512__lr001,banner,dino,mixed,"[70.19230651855469, 75.0, 69.23076629638672, 72.1153793334961, 68.26922607421875]",vit_tiny,1
jjodpk8e,__finetune__mirabest__minmax__byol_banner_aug_minmax_model_resnet50__K1__as_is__info__,mirabest,minmax,finetune,finetune,xtulgzz6,byol_banner_aug_minmax_model_resnet50,banner,byol,minmax,"[94.23077392578125, 98.0769271850586, 98.0769271850586, 95.19231414794922, 91.34616088867188]",resnet50,1
dfokpm3h,__finetune__mirabest__minmax__wmse-banner-mixed-resnet18-singlegpu__K1__as_is__info__,mirabest,minmax,finetune,finetune,j9zyrugp,wmse-banner-mixed-resnet18-singlegpu,banner,wmse,mixed,"[94.23077392578125, 95.19231414794922, 98.0769271850586, 96.15384674072266, 94.23077392578125]",resnet18,1
cgvtbzx5,__finetune__mirabest__minmax__byol_hulk_aug_mixed_model_resnet50__K1__as_is__info__,mirabest,minmax,finetune,finetune,nlmcibmc,byol_hulk_aug_mixed_model_resnet50,hulk,byol,mixed,"[90.3846206665039, 92.30769348144531, 93.26923370361328, 91.34616088867188, 91.34616088867188]",resnet50,1
a04qeda8,__finetune__mirabest__minmax__byol_hulk_aug_minmax_model_resnet50__K1__as_is__info__,mirabest,minmax,finetune,finetune,h86uf9vr,byol_hulk_aug_minmax_model_resnet50,hulk,byol,minmax,"[94.23077392578125, 96.15384674072266, 96.15384674072266, 95.19231414794922, 94.23077392578125]",resnet50,1
5fx0njas,__finetune__mirabest__minmax__byol_hulk_aug_mixed_model_resnet18__K1__as_is__info__,mirabest,minmax,finetune,finetune,wgoatix7,byol_hulk_aug_mixed_model_resnet18,hulk,byol,mixed,"[93.26923370361328, 91.34616088867188, 93.26923370361328, 92.30769348144531, 92.30769348144531]",resnet18,1
3r2k5m48,__finetune__mirabest__minmax____pretrain__banner__dino__mixed__vittiny__e600__p256____K1__as_is__info__,mirabest,minmax,finetune,finetune,6jz72oq3,__pretrain__banner__dino__mixed__vittiny__e600__p256__,banner,dino,mixed,"[52.88461685180664, 52.88461685180664, 52.88461685180664, 52.88461685180664, 52.88461685180664]",vit_tiny,1
t1etfbin,__finetune__mirabest__minmax__simclr_banner_aug_mixed_model_resnet18__K1__as_is__info__,mirabest,minmax,finetune,finetune,hljzzxvp,simclr_banner_aug_mixed_model_resnet18,banner,simclr,mixed,"[92.30769348144531, 95.19231414794922, 93.26923370361328, 93.26923370361328, 93.26923370361328]",resnet18,1
e9d8ocod,__finetune__mirabest__minmax__simclr_banner_aug_minmax_model_resnet50__K1__as_is__info__,mirabest,minmax,finetune,finetune,4j8zhz46,simclr_banner_aug_minmax_model_resnet50,banner,simclr,minmax,"[94.23077392578125, 95.19231414794922, 92.30769348144531, 95.19231414794922, 97.1153793334961]",resnet50,1
kbnt3dtz,__finetune__mirabest__minmax__simclr_banner_aug_minmax_model_resnet18__K1__as_is__info__,mirabest,minmax,finetune,finetune,uiaz3umx,simclr_banner_aug_minmax_model_resnet18,banner,simclr,minmax,"[94.23077392578125, 94.23077392578125, 91.34616088867188, 94.23077392578125, 96.15384674072266]",resnet18,1
r1yp3oyr,__finetune__rgz__mixed__swav-banner-mixed-resnet18-prot300-lr12-batch1024__K3__as_is__info_wo_nan__,rgz,mixed,finetune,finetune,t2dojrsg,swav-banner-mixed-resnet18-prot300-lr12-batch1024,banner,swav,mixed,"[16.788888931274414, 16.755556106567383, 17.311111450195312]",resnet18,3
mtmzkb6z,__finetune__rgz__mixed__wmse-banner-mixed-resnet18-singlegpu__K3__as_is__info_wo_nan__,rgz,mixed,finetune,finetune,j9zyrugp,wmse-banner-mixed-resnet18-singlegpu,banner,wmse,mixed,"[19.5222225189209, 17.633333206176758, 16.933334350585938]",resnet18,3
5vjw414w,__finetune__rgz__mixed__simclr_banner_aug_mixed_model_resnet18__K3__as_is__info_wo_nan__,rgz,mixed,finetune,finetune,hljzzxvp,simclr_banner_aug_mixed_model_resnet18,banner,simclr,mixed,"[16.22222328186035, 16.766666412353516, 17.077777862548828]",resnet18,3
hl9vmhne,__finetune__rgz__mixed__simclr_banner_aug_minmax_model_resnet18__K3__as_is__info_wo_nan__,rgz,mixed,finetune,finetune,uiaz3umx,simclr_banner_aug_minmax_model_resnet18,banner,simclr,minmax,"[16.633333206176758, 12.822222709655762, 17.122222900390625]",resnet18,3
5pk6jnyu,__finetune__rgz__mixed____pretrain__banner__dino__resnet18__e600__p256____K3__as_is__info_wo_nan__,rgz,mixed,finetune,finetune,r55v8bjo,__pretrain__banner__dino__resnet18__e600__p256__,banner,dino,mixed,"[15.466667175292969, 16.94444465637207, 15.844444274902344]",resnet18,3
0i4urz95,__finetune__rgz__mixed__simclr_banner_aug_mixed_model_resnet50__K3__as_is__info_wo_nan__,rgz,mixed,finetune,finetune,u4crvqfs,simclr_banner_aug_mixed_model_resnet50,banner,simclr,mixed,"[18.844444274902344, 17.077777862548828, 16.955554962158203]",resnet50,3
y9pm32x1,__finetune__rgz__mixed__simclr_banner_aug_minmax_model_resnet50__K3__as_is__info_wo_nan__,rgz,mixed,finetune,finetune,4j8zhz46,simclr_banner_aug_minmax_model_resnet50,banner,simclr,minmax,"[17.755556106567383, 14.188889503479004, 16.72222328186035]",resnet50,3
exhgsaxh,__finetune__rgz__mixed____pretrain__banner__dino__mixed__vittiny__e600__p256__lr001__K3__as_is__info_wo_nan__,rgz,mixed,finetune,finetune,ef8jdr9u,__pretrain__banner__dino__mixed__vittiny__e600__p256__lr001,banner,dino,mixed,"[46.088890075683594, 39.56666564941406, 38.93333435058594]",vit_tiny,3
drq56oaz,__finetune__rgz__mixed____pretrain__banner__dino__mixed__vittiny__e600__p512__lr001__K3__as_is__info_wo_nan__,rgz,mixed,finetune,finetune,5mn08b62,__pretrain__banner__dino__mixed__vittiny__e600__p512__lr001,banner,dino,mixed,"[49.900001525878906, 33.20000076293945, 42.05555725097656]",vit_tiny,3
c1f0mfg2,__finetune__rgz__mixed____pretrain__banner__dino__mixed__vittiny__e600__p256____K3__as_is__info_wo_nan__,rgz,mixed,finetune,finetune,6jz72oq3,__pretrain__banner__dino__mixed__vittiny__e600__p256__,banner,dino,mixed,"[16.66666603088379, 16.66666603088379, 16.66666603088379]",vit_tiny,3
q7eziiz0,__finetune__rgz__mixed____pretrain__banner__all4one__minmax__resnet18__e600__p512____K3__as_is__info_wo_nan__,rgz,mixed,finetune,finetune,60ffbwwo,__pretrain__banner__all4one__minmax__resnet18__e600__p512__,banner,all4one,minmax,"[16.711111068725586, 16.61111068725586, 16.755556106567383]",resnet18,3
ckak11xd,__finetune__rgz__mixed____pretrain__banner__all4one__resnet18__600__512____K3__as_is__info_wo_nan__,rgz,mixed,finetune,finetune,2h5n923y,__pretrain__banner__all4one__resnet18__600__512__,banner,all4one,mixed,"[16.600000381469727, 17.03333282470703, 16.399999618530273]",resnet18,3
gxt0t6vg,__finetune__rgz__mixed__byol_hulk_aug_mixed_model_resnet18__K3__as_is__info_wo_nan__,rgz,mixed,finetune,finetune,wgoatix7,byol_hulk_aug_mixed_model_resnet18,hulk,byol,mixed,"[13.866666793823242, 17.188888549804688, 14.744444847106934]",resnet18,3
dcrh5vk8,__finetune__rgz__mixed__byol_hulk_aug_mixed_model_resnet50__K3__as_is__info_wo_nan__,rgz,mixed,finetune,finetune,nlmcibmc,byol_hulk_aug_mixed_model_resnet50,hulk,byol,mixed,"[23.811111450195312, 21.211111068725586, 15.855555534362793]",resnet50,3
65rqqiov,__finetune__rgz__mixed__byol_hulk_aug_minmax_model_resnet50__K3__as_is__info_wo_nan__,rgz,mixed,finetune,finetune,h86uf9vr,byol_hulk_aug_minmax_model_resnet50,hulk,byol,minmax,"[16.311111450195312, 16.91111183166504, 16.77777862548828]",resnet50,3
2r67na6v,__finetune__rgz__mixed__byol_hulk_aug_minmax_model_resnet18__K3__as_is__info_wo_nan__,rgz,mixed,finetune,finetune,uja9qvb7,byol_hulk_aug_minmax_model_resnet18,hulk,byol,minmax,"[14.866666793823242, 12.144444465637207, 17.53333282470703]",resnet18,3
ymg92853,__finetune__rgz__minmax__simclr_banner_aug_mixed_model_resnet50__K3__as_is__info_wo_nan__,rgz,minmax,finetune,finetune,u4crvqfs,simclr_banner_aug_mixed_model_resnet50,banner,simclr,mixed,"[11.866666793823242, 15.066666603088379, 16.66666603088379]",resnet50,3
v3hjgma6,__finetune__rgz__minmax__swav-banner-mixed-resnet18-prot300-lr12-batch1024__K3__as_is__info_wo_nan__,rgz,minmax,finetune,finetune,t2dojrsg,swav-banner-mixed-resnet18-prot300-lr12-batch1024,banner,swav,mixed,"[16.66666603088379, 17.85555648803711, 17.011112213134766]",resnet18,3
b1sp5a80,__finetune__rgz__minmax__wmse-banner-mixed-resnet18-singlegpu__K3__as_is__info_wo_nan__,rgz,minmax,finetune,finetune,j9zyrugp,wmse-banner-mixed-resnet18-singlegpu,banner,wmse,mixed,"[17.544445037841797, 16.644445419311523, 17.144445419311523]",resnet18,3
7wsw2p4v,__finetune__rgz__mixed__byol_banner_aug_minmax_model_resnet50__K3__as_is__info_wo_nan__,rgz,mixed,finetune,finetune,xtulgzz6,byol_banner_aug_minmax_model_resnet50,banner,byol,minmax,"[15.88888931274414, 18.41111183166504, 16.66666603088379]",resnet50,3
kq90acua,__finetune__rgz__mixed__byol_banner_aug_mixed_model_resnet50_lr02__K3__as_is__info_wo_nan__,rgz,mixed,finetune,finetune,x21qga53,byol_banner_aug_mixed_model_resnet50_lr02_600epcs,banner,byol,mixed,"[17.85555648803711, 16.644445419311523, 17.811111450195312]",resnet50,3
xlwkcl8z,__finetune__rgz__minmax____pretrain__banner__dino__mixed__vittiny__e600__p256____K3__as_is__info_wo_nan__,rgz,minmax,finetune,finetune,6jz72oq3,__pretrain__banner__dino__mixed__vittiny__e600__p256__,banner,dino,mixed,"[16.66666603088379, 16.66666603088379, 16.66666603088379]",vit_tiny,3
qy89nktr,__finetune__rgz__minmax____pretrain__banner__all4one__minmax__resnet18__e600__p512____K3__as_is__info_wo_nan__,rgz,minmax,finetune,finetune,60ffbwwo,__pretrain__banner__all4one__minmax__resnet18__e600__p512__,banner,all4one,minmax,"[17.922222137451172, 16.77777862548828, 16.566667556762695]",resnet18,3
k8jj70cm,__finetune__rgz__minmax__simclr_banner_aug_mixed_model_resnet18__K3__as_is__info_wo_nan__,rgz,minmax,finetune,finetune,hljzzxvp,simclr_banner_aug_mixed_model_resnet18,banner,simclr,mixed,"[18.577777862548828, 16.66666603088379, 16.344444274902344]",resnet18,3
k52pv3zo,__finetune__rgz__minmax____pretrain__banner__dino__mixed__vittiny__e600__p256__lr001__K3__as_is__info_wo_nan__,rgz,minmax,finetune,finetune,ef8jdr9u,__pretrain__banner__dino__mixed__vittiny__e600__p256__lr001,banner,dino,mixed,"[30.255556106567383, 45.21111297607422, 35.344444274902344]",vit_tiny,3
ju2kah2j,__finetune__rgz__minmax____pretrain__banner__all4one__resnet18__600__512____K3__as_is__info_wo_nan__,rgz,minmax,finetune,finetune,2h5n923y,__pretrain__banner__all4one__resnet18__600__512__,banner,all4one,mixed,"[16.455554962158203, 16.788888931274414, 18.744443893432617]",resnet18,3
b6zkhhra,__finetune__rgz__minmax____pretrain__banner__dino__mixed__vittiny__e600__p512__lr001__K3__as_is__info_wo_nan__,rgz,minmax,finetune,finetune,5mn08b62,__pretrain__banner__dino__mixed__vittiny__e600__p512__lr001,banner,dino,mixed,"[46.53333282470703, 41.61111068725586, 48.79999923706055]",vit_tiny,3
a0ds51wy,__finetune__rgz__minmax__byol_hulk_aug_minmax_model_resnet18__K3__as_is__info_wo_nan__,rgz,minmax,finetune,finetune,uja9qvb7,byol_hulk_aug_minmax_model_resnet18,hulk,byol,minmax,"[16.766666412353516, 15.199999809265137, 14.644444465637207]",resnet18,3
8fxkiykh,__finetune__rgz__minmax__byol_hulk_aug_minmax_model_resnet50__K3__as_is__info_wo_nan__,rgz,minmax,finetune,finetune,h86uf9vr,byol_hulk_aug_minmax_model_resnet50,hulk,byol,minmax,"[20.133333206176758, 17.211111068725586, 17.844444274902344]",resnet50,3
66ikgq5t,__finetune__rgz__minmax__byol_hulk_aug_mixed_model_resnet50__K3__as_is__info_wo_nan__,rgz,minmax,finetune,finetune,nlmcibmc,byol_hulk_aug_mixed_model_resnet50,hulk,byol,mixed,"[16.866666793823242, 17.08888816833496, 19.155555725097656]",resnet50,3
4d44ghfs,__finetune__rgz__mixed__byol_banner_aug_mixed_model_resnet18__K3__as_is__info_wo_nan__,rgz,mixed,finetune,finetune,jymmsi6s,byol_banner_aug_mixed_model_resnet18,banner,byol,mixed,"[21.05555534362793, 16.94444465637207, 15.40000057220459]",resnet18,3
37qangzw,__finetune__rgz__minmax__simclr_banner_aug_minmax_model_resnet50__K3__as_is__info_wo_nan__,rgz,minmax,finetune,finetune,4j8zhz46,simclr_banner_aug_minmax_model_resnet50,banner,simclr,minmax,"[15.199999809265137, 24.644445419311523, 20.11111068725586]",resnet50,3
2o3s5hte,__finetune__rgz__minmax__byol_banner_aug_mixed_model_resnet18__K3__as_is__info_wo_nan__,rgz,minmax,finetune,finetune,jymmsi6s,byol_banner_aug_mixed_model_resnet18,banner,byol,mixed,"[17.53333282470703, 14.100000381469727, 12.45555591583252]",resnet18,3
1iyzlog3,__finetune__rgz__minmax__byol_hulk_aug_mixed_model_resnet18__K3__as_is__info_wo_nan__,rgz,minmax,finetune,finetune,wgoatix7,byol_hulk_aug_mixed_model_resnet18,hulk,byol,mixed,"[17.255556106567383, 15.933333396911621, 18.600000381469727]",resnet18,3
b97hlq2z,__finetune__rgz__minmax__simclr_banner_aug_minmax_model_resnet18__K3__as_is__info_wo_nan__,rgz,minmax,finetune,finetune,uiaz3umx,simclr_banner_aug_minmax_model_resnet18,banner,simclr,minmax,"[19.0222225189209, 15.111111640930176, 13.933333396911621]",resnet18,3
8bat5t3a,__finetune__rgz__minmax____pretrain__banner__dino__resnet18__e600__p256____K3__as_is__info_wo_nan__,rgz,minmax,finetune,finetune,r55v8bjo,__pretrain__banner__dino__resnet18__e600__p256__,banner,dino,mixed,"[15.855555534362793, 15.777777671813965, 17.58888816833496]",resnet18,3
fqdvmpbz,__finetune__rgz__minmax__byol_banner_aug_mixed_model_resnet50_lr02__K3__as_is__info_wo_nan__,rgz,minmax,finetune,finetune,x21qga53,byol_banner_aug_mixed_model_resnet50_lr02_600epcs,banner,byol,mixed,"[16.66666603088379, 24.511112213134766, 15.833333969116211]",resnet50,3
cli1jl5o,__finetune__rgz__minmax__byol_banner_aug_minmax_model_resnet50__K3__as_is__info_wo_nan__,rgz,minmax,finetune,finetune,xtulgzz6,byol_banner_aug_minmax_model_resnet50,banner,byol,minmax,"[16.433334350585938, 16.299999237060547, 19.22222328186035]",resnet50,3
335ai1rw,__linear__rgz__mixed____pretrain__banner__dino__mixed__vittiny__e600__p256____K3__as_is__info_wo_nan__,rgz,mixed,linear,linear,6jz72oq3,__pretrain__banner__dino__mixed__vittiny__e600__p256__,banner,dino,mixed,"[16.66666603088379, 16.66666603088379, 16.66666603088379]",vit_tiny,3
qyhcfmoz,__linear__rgz__mixed__simclr_banner_aug_mixed_model_resnet50__K3__as_is__info_wo_nan__,rgz,mixed,linear,linear,u4crvqfs,simclr_banner_aug_mixed_model_resnet50,banner,simclr,mixed,"[69.46666717529297, 69.92222595214844, 69.76667022705078]",resnet50,3
lgcsfqzb,__linear__rgz__mixed____pretrain__banner__dino__mixed__vittiny__e600__p512__lr001__K3__as_is__info_wo_nan__,rgz,mixed,linear,linear,5mn08b62,__pretrain__banner__dino__mixed__vittiny__e600__p512__lr001,banner,dino,mixed,"[50.9555549621582, 51.5, 50.20000076293945]",vit_tiny,3
gp38fxn4,__linear__rgz__mixed____pretrain__banner__dino__mixed__vittiny__e600__p256__lr001__K3__as_is__info_wo_nan__,rgz,mixed,linear,linear,ef8jdr9u,__pretrain__banner__dino__mixed__vittiny__e600__p256__lr001,banner,dino,mixed,"[31.61111068725586, 33.02222442626953, 32.011112213134766]",vit_tiny,3
goycm7ok,__linear__rgz__mixed____pretrain__banner__dino__resnet18__e600__p256____K3__as_is__info_wo_nan__,rgz,mixed,linear,linear,r55v8bjo,__pretrain__banner__dino__resnet18__e600__p256__,banner,dino,mixed,"[68.55555725097656, 68.24444580078125, 69.0999984741211]",resnet18,3
eh041j91,__linear__rgz__mixed__simclr_banner_aug_minmax_model_resnet50__K3__as_is__info_wo_nan__,rgz,mixed,linear,linear,4j8zhz46,simclr_banner_aug_minmax_model_resnet50,banner,simclr,minmax,"[66.96666717529297, 66.94444274902344, 67.35555267333984]",resnet50,3
bxutdtrs,__linear__rgz__mixed__simclr_banner_aug_mixed_model_resnet18__K3__as_is__info_wo_nan__,rgz,mixed,linear,linear,hljzzxvp,simclr_banner_aug_mixed_model_resnet18,banner,simclr,mixed,"[69.30000305175781, 69.43333435058594, 68.94444274902344]",resnet18,3
nl4f43ni,__linear__rgz__minmax____pretrain__banner__dino__mixed__vittiny__e600__p256____K3__as_is__info_wo_nan__,rgz,minmax,linear,linear,6jz72oq3,__pretrain__banner__dino__mixed__vittiny__e600__p256__,banner,dino,mixed,"[16.66666603088379, 16.66666603088379, 16.66666603088379]",vit_tiny,3
7mm2f8as,__linear__rgz__minmax____pretrain__banner__dino__mixed__vittiny__e600__p512__lr001__K3__as_is__info_wo_nan__,rgz,minmax,linear,linear,5mn08b62,__pretrain__banner__dino__mixed__vittiny__e600__p512__lr001,banner,dino,mixed,"[44.877777099609375, 44.06666564941406, 45.733333587646484]",vit_tiny,3
6ojxp4vq,__linear__rgz__minmax____pretrain__banner__dino__mixed__vittiny__e600__p256__lr001__K3__as_is__info_wo_nan__,rgz,minmax,linear,linear,ef8jdr9u,__pretrain__banner__dino__mixed__vittiny__e600__p256__lr001,banner,dino,mixed,"[31.700000762939453, 31.044445037841797, 30.4777774810791]",vit_tiny,3
wmjr806b,__linear__rgz__minmax__byol_banner_aug_mixed_model_resnet50_lr02__K3__as_is__info_wo_nan__,rgz,minmax,linear,linear,x21qga53,byol_banner_aug_mixed_model_resnet50_lr02_600epcs,banner,byol,mixed,"[65.12222290039062, 16.66666603088379, 64.9000015258789]",resnet50,3
vrk7x1dz,__linear__rgz__mixed____pretrain__banner__all4one__minmax__resnet18__e600__p512____K3__as_is__info_wo_nan__,rgz,mixed,linear,linear,60ffbwwo,__pretrain__banner__all4one__minmax__resnet18__e600__p512__,banner,all4one,minmax,"[71.32221984863281, 70.04444885253906, 71.31111145019531]",resnet18,3
uu1ejoht,__linear__rgz__minmax____pretrain__banner__all4one__minmax__resnet18__e600__p512____K3__as_is__info_wo_nan__,rgz,minmax,linear,linear,60ffbwwo,__pretrain__banner__all4one__minmax__resnet18__e600__p512__,banner,all4one,minmax,"[72.43333435058594, 71.0, 71.5777816772461]",resnet18,3
s6qcs1r0,__linear__rgz__minmax__simclr_banner_aug_minmax_model_resnet18__K3__as_is__info_wo_nan__,rgz,minmax,linear,linear,uiaz3umx,simclr_banner_aug_minmax_model_resnet18,banner,simclr,minmax,"[66.72222137451172, 67.76667022705078, 67.14444732666016]",resnet18,3
qbyruezt,__linear__rgz__minmax____pretrain__banner__dino__resnet18__e600__p256____K3__as_is__info_wo_nan__,rgz,minmax,linear,linear,r55v8bjo,__pretrain__banner__dino__resnet18__e600__p256__,banner,dino,mixed,"[64.72222137451172, 63.255558013916016, 63.57777786254883]",resnet18,3
pkktya0s,__linear__rgz__minmax__byol_hulk_aug_mixed_model_resnet50__K3__as_is__info_wo_nan__,rgz,minmax,linear,linear,nlmcibmc,byol_hulk_aug_mixed_model_resnet50,hulk,byol,mixed,"[16.66666603088379, 16.66666603088379, 16.66666603088379]",resnet50,3
oydhmkpa,__linear__rgz__mixed__byol_banner_aug_mixed_model_resnet50_lr02__K3__as_is__info_wo_nan__,rgz,mixed,linear,linear,x21qga53,byol_banner_aug_mixed_model_resnet50_lr02_600epcs,banner,byol,mixed,"[67.03333282470703, 66.9000015258789, 65.8888931274414]",resnet50,3
ofczdxwb,__linear__rgz__minmax__byol_banner_aug_minmax_model_resnet50__K3__as_is__info_wo_nan__,rgz,minmax,linear,linear,xtulgzz6,byol_banner_aug_minmax_model_resnet50,banner,byol,minmax,"[70.13333129882812, 70.0888900756836, 69.20000457763672]",resnet50,3
lwqhx4z7,__linear__rgz__mixed__byol_hulk_aug_mixed_model_resnet50__K3__as_is__info_wo_nan__,rgz,mixed,linear,linear,nlmcibmc,byol_hulk_aug_mixed_model_resnet50,hulk,byol,mixed,"[16.66666603088379, 16.66666603088379, 16.66666603088379]",resnet50,3
lm68xr4q,__linear__rgz__minmax__byol_banner_aug_mixed_model_resnet18__K3__as_is__info_wo_nan__,rgz,minmax,linear,linear,jymmsi6s,byol_banner_aug_mixed_model_resnet18,banner,byol,mixed,"[67.45555877685547, 68.68888854980469, 68.80000305175781]",resnet18,3
j2zmg7ps,__linear__rgz__mixed__byol_banner_aug_mixed_model_resnet18__K3__as_is__info_wo_nan__,rgz,mixed,linear,linear,jymmsi6s,byol_banner_aug_mixed_model_resnet18,banner,byol,mixed,"[70.56666564941406, 69.95555877685547, 70.9888916015625]",resnet18,3
fwm2d81z,__linear__rgz__minmax__simclr_banner_aug_mixed_model_resnet18__K3__as_is__info_wo_nan__,rgz,minmax,linear,linear,hljzzxvp,simclr_banner_aug_mixed_model_resnet18,banner,simclr,mixed,"[68.80000305175781, 68.9888916015625, 69.4000015258789]",resnet18,3
f4jzeaxj,__linear__rgz__mixed____pretrain__banner__all4one__resnet18__600__512____K3__as_is__info_wo_nan__,rgz,mixed,linear,linear,2h5n923y,__pretrain__banner__all4one__resnet18__600__512__,banner,all4one,mixed,"[69.33333587646484, 68.83333587646484, 69.34444427490234]",resnet18,3
dqghpq2y,__linear__rgz__mixed__byol_hulk_aug_minmax_model_resnet18__K3__as_is__info_wo_nan__,rgz,mixed,linear,linear,uja9qvb7,byol_hulk_aug_minmax_model_resnet18,hulk,byol,minmax,"[63.377777099609375, 64.21111297607422, 62.833335876464844]",resnet18,3
d2r2148f,__linear__rgz__minmax__byol_hulk_aug_minmax_model_resnet18__K3__as_is__info_wo_nan__,rgz,minmax,linear,linear,uja9qvb7,byol_hulk_aug_minmax_model_resnet18,hulk,byol,minmax,"[63.82222366333008, 65.18888854980469, 65.15555572509766]",resnet18,3
8fpkcxm2,__linear__rgz__mixed__byol_banner_aug_minmax_model_resnet50__K3__as_is__info_wo_nan__,rgz,mixed,linear,linear,xtulgzz6,byol_banner_aug_minmax_model_resnet50,banner,byol,minmax,"[68.97777557373047, 68.56666564941406, 68.15555572509766]",resnet50,3
7njhhpt9,__linear__rgz__mixed__byol_hulk_aug_minmax_model_resnet50__K3__as_is__info_wo_nan__,rgz,mixed,linear,linear,h86uf9vr,byol_hulk_aug_minmax_model_resnet50,hulk,byol,minmax,"[16.66666603088379, 16.66666603088379, 16.66666603088379]",resnet50,3
7hi411ql,__linear__rgz__minmax__byol_hulk_aug_mixed_model_resnet18__K3__as_is__info_wo_nan__,rgz,minmax,linear,linear,wgoatix7,byol_hulk_aug_mixed_model_resnet18,hulk,byol,mixed,"[64.0111083984375, 65.23333740234375, 64.30000305175781]",resnet18,3
625evvrl,__linear__rgz__mixed__byol_hulk_aug_mixed_model_resnet18__K3__as_is__info_wo_nan__,rgz,mixed,linear,linear,wgoatix7,byol_hulk_aug_mixed_model_resnet18,hulk,byol,mixed,"[65.31111145019531, 65.67778015136719, 66.25555419921875]",resnet18,3
5dt3b1zt,__linear__rgz__minmax__byol_hulk_aug_minmax_model_resnet50__K3__as_is__info_wo_nan__,rgz,minmax,linear,linear,h86uf9vr,byol_hulk_aug_minmax_model_resnet50,hulk,byol,minmax,"[16.66666603088379, 16.66666603088379, 16.66666603088379]",resnet50,3
3cadgmfb,__linear__rgz__minmax__simclr_banner_aug_minmax_model_resnet50__K3__as_is__info_wo_nan__,rgz,minmax,linear,linear,4j8zhz46,simclr_banner_aug_minmax_model_resnet50,banner,simclr,minmax,"[68.12222290039062, 68.26667022705078, 67.24444580078125]",resnet50,3
24758jah,__linear__rgz__minmax____pretrain__banner__all4one__resnet18__600__512____K3__as_is__info_wo_nan__,rgz,minmax,linear,linear,2h5n923y,__pretrain__banner__all4one__resnet18__600__512__,banner,all4one,mixed,"[67.92222595214844, 68.5888900756836, 67.78888702392578]",resnet18,3
0m8dvnga,__linear__rgz__minmax__simclr_banner_aug_mixed_model_resnet50__K3__as_is__info_wo_nan__,rgz,minmax,linear,linear,u4crvqfs,simclr_banner_aug_mixed_model_resnet50,banner,simclr,mixed,"[69.62222290039062, 69.4111099243164, 69.14444732666016]",resnet50,3
danx6aga,__linear__rgz__mixed__simclr_banner_aug_minmax_model_resnet18__K3__as_is__info_wo_nan__,rgz,mixed,linear,linear,uiaz3umx,simclr_banner_aug_minmax_model_resnet18,banner,simclr,minmax,"[67.04444885253906, 67.81111145019531, 66.9111099243164]",resnet18,3
zzteho5n,__linear__mirabest__minmax__simclr_banner_aug_minmax_model_resnet18__K1__as_is__info__,mirabest,minmax,linear,linear,uiaz3umx,simclr_banner_aug_minmax_model_resnet18,banner,simclr,minmax,[47.115386962890625],resnet18,1
yl8a0kgb,__linear__mirabest__minmax____pretrain__banner__dino__mixed__vittiny__e600__p256____K1__as_is__info__,mirabest,minmax,linear,linear,6jz72oq3,__pretrain__banner__dino__mixed__vittiny__e600__p256__,banner,dino,mixed,[47.115386962890625],vit_tiny,1
yhulc4hx,__linear__mirabest__minmax__wmse-banner-mixed-resnet18-singlegpu__K1__as_is__info__,mirabest,minmax,linear,linear,j9zyrugp,wmse-banner-mixed-resnet18-singlegpu,banner,wmse,mixed,[49.0384635925293],resnet18,1
x2tmlapx,__linear__mirabest__mixed____pretrain__banner__all4one__resnet18__600__512____K1__as_is__info__,mirabest,mixed,linear,linear,2h5n923y,__pretrain__banner__all4one__resnet18__600__512__,banner,all4one,mixed,[47.115386962890625],resnet18,1
wwa192v8,__linear__mirabest__minmax____pretrain__banner__dino__mixed__vittiny__e600__p512__lr001__K1__as_is__info__,mirabest,minmax,linear,linear,5mn08b62,__pretrain__banner__dino__mixed__vittiny__e600__p512__lr001,banner,dino,mixed,[40.38461685180664],vit_tiny,1
ue2e6a20,__linear__mirabest__minmax____pretrain__banner__all4one__resnet18__600__512____K1__as_is__info__,mirabest,minmax,linear,linear,2h5n923y,__pretrain__banner__all4one__resnet18__600__512__,banner,all4one,mixed,[49.0384635925293],resnet18,1
u3ei3obo,__linear__mirabest__minmax__byol_hulk_aug_minmax_model_resnet18__K1__as_is__info__,mirabest,minmax,linear,linear,uja9qvb7,byol_hulk_aug_minmax_model_resnet18,hulk,byol,minmax,[52.88461685180664],resnet18,1
sks12w3k,__linear__mirabest__minmax__swav-banner-mixed-resnet18-prot300-lr12-batch1024__K1__as_is__info__,mirabest,minmax,linear,linear,t2dojrsg,swav-banner-mixed-resnet18-prot300-lr12-batch1024,banner,swav,mixed,[35.57692337036133],resnet18,1
ryss4kfy,__linear__mirabest__mixed__simclr_banner_aug_minmax_model_resnet50__K1__as_is__info__,mirabest,mixed,linear,linear,4j8zhz46,simclr_banner_aug_minmax_model_resnet50,banner,simclr,minmax,[44.23076629638672],resnet50,1
ro7y1xw1,__linear__mirabest__mixed__byol_hulk_aug_minmax_model_resnet18__K1__as_is__info__,mirabest,mixed,linear,linear,uja9qvb7,byol_hulk_aug_minmax_model_resnet18,hulk,byol,minmax,[52.88461685180664],resnet18,1
r56vm8zg,__linear__mirabest__minmax____pretrain__banner__all4one__minmax__resnet18__e600__p512____K1__as_is__info__,mirabest,minmax,linear,linear,60ffbwwo,__pretrain__banner__all4one__minmax__resnet18__e600__p512__,banner,all4one,minmax,[52.88461685180664],resnet18,1
q7pjaa8h,__linear__mirabest__mixed__byol_hulk_aug_mixed_model_resnet50__K1__as_is__info__,mirabest,mixed,linear,linear,nlmcibmc,byol_hulk_aug_mixed_model_resnet50,hulk,byol,mixed,[47.115386962890625],resnet50,1
mop8xqqt,__linear__mirabest__minmax__simclr_banner_aug_minmax_model_resnet50__K1__as_is__info__,mirabest,minmax,linear,linear,4j8zhz46,simclr_banner_aug_minmax_model_resnet50,banner,simclr,minmax,[47.115386962890625],resnet50,1
j1idmxh2,__linear__mirabest__mixed__swav-banner-mixed-resnet18-prot300-lr12-batch1024__K1__as_is__info__,mirabest,mixed,linear,linear,t2dojrsg,swav-banner-mixed-resnet18-prot300-lr12-batch1024,banner,swav,mixed,[40.38461685180664],resnet18,1
g3vmgotg,__linear__mirabest__mixed__simclr_banner_aug_mixed_model_resnet18__K1__as_is__info__,mirabest,mixed,linear,linear,hljzzxvp,simclr_banner_aug_mixed_model_resnet18,banner,simclr,mixed,[34.61538314819336],resnet18,1
e2y69nfg,__linear__mirabest__mixed__byol_hulk_aug_minmax_model_resnet50__K1__as_is__info__,mirabest,mixed,linear,linear,h86uf9vr,byol_hulk_aug_minmax_model_resnet50,hulk,byol,minmax,[52.88461685180664],resnet50,1
dy09iy8z,__linear__mirabest__mixed__byol_banner_aug_mixed_model_resnet18__K1__as_is__info__,mirabest,mixed,linear,linear,jymmsi6s,byol_banner_aug_mixed_model_resnet18,banner,byol,mixed,[42.30768966674805],resnet18,1
cewyx5yr,__linear__mirabest__minmax__byol_hulk_aug_mixed_model_resnet50__K1__as_is__info__,mirabest,minmax,linear,linear,nlmcibmc,byol_hulk_aug_mixed_model_resnet50,hulk,byol,mixed,[52.88461685180664],resnet50,1
c9qy35mv,__linear__mirabest__mixed__byol_banner_aug_mixed_model_resnet50_lr02__K1__as_is__info__,mirabest,mixed,linear,linear,x21qga53,byol_banner_aug_mixed_model_resnet50_lr02_600epcs,banner,byol,mixed,[47.115386962890625],resnet50,1
bojtrqmy,__linear__mirabest__mixed____pretrain__banner__dino__mixed__vittiny__e600__p256__lr001__K1__as_is__info__,mirabest,mixed,linear,linear,ef8jdr9u,__pretrain__banner__dino__mixed__vittiny__e600__p256__lr001,banner,dino,mixed,[38.4615364074707],vit_tiny,1
ax3bdzqe,__linear__mirabest__mixed____pretrain__banner__all4one__minmax__resnet18__e600__p512____K1__as_is__info__,mirabest,mixed,linear,linear,60ffbwwo,__pretrain__banner__all4one__minmax__resnet18__e600__p512__,banner,all4one,minmax,[52.88461685180664],resnet18,1
apkcfya3,__linear__mirabest__mixed__simclr_banner_aug_mixed_model_resnet50__K1__as_is__info__,mirabest,mixed,linear,linear,u4crvqfs,simclr_banner_aug_mixed_model_resnet50,banner,simclr,mixed,[47.115386962890625],resnet50,1
9n305uop,__linear__mirabest__minmax__byol_banner_aug_mixed_model_resnet18__K1__as_is__info__,mirabest,minmax,linear,linear,jymmsi6s,byol_banner_aug_mixed_model_resnet18,banner,byol,mixed,[41.34615707397461],resnet18,1
9c8nrcmf,__linear__mirabest__mixed__byol_hulk_aug_mixed_model_resnet18__K1__as_is__info__,mirabest,mixed,linear,linear,wgoatix7,byol_hulk_aug_mixed_model_resnet18,hulk,byol,mixed,[43.26923370361328],resnet18,1
8ik4csn9,__linear__mirabest__minmax____pretrain__banner__dino__resnet18__e600__p256____K1__as_is__info__,mirabest,minmax,linear,linear,r55v8bjo,__pretrain__banner__dino__resnet18__e600__p256__,banner,dino,mixed,[47.115386962890625],resnet18,1
7nyxxicq,__linear__mirabest__minmax__simclr_banner_aug_mixed_model_resnet18__K1__as_is__info__,mirabest,minmax,linear,linear,hljzzxvp,simclr_banner_aug_mixed_model_resnet18,banner,simclr,mixed,[40.38461685180664],resnet18,1
7debqhn7,__linear__mirabest__mixed__wmse-banner-mixed-resnet18-singlegpu__K1__as_is__info__,mirabest,mixed,linear,linear,j9zyrugp,wmse-banner-mixed-resnet18-singlegpu,banner,wmse,mixed,[46.153846740722656],resnet18,1
72jibpor,__linear__mirabest__mixed____pretrain__banner__dino__mixed__vittiny__e600__p512__lr001__K1__as_is__info__,mirabest,mixed,linear,linear,5mn08b62,__pretrain__banner__dino__mixed__vittiny__e600__p512__lr001,banner,dino,mixed,[33.653846740722656],vit_tiny,1
72a66ec4,__linear__mirabest__mixed__simclr_banner_aug_minmax_model_resnet18__K1__as_is__info__,mirabest,mixed,linear,linear,uiaz3umx,simclr_banner_aug_minmax_model_resnet18,banner,simclr,minmax,[47.115386962890625],resnet18,1
6mh4gy82,__linear__mirabest__minmax__simclr_banner_aug_mixed_model_resnet50__K1__as_is__info__,mirabest,minmax,linear,linear,u4crvqfs,simclr_banner_aug_mixed_model_resnet50,banner,simclr,mixed,[47.115386962890625],resnet50,1
6hukfuao,__linear__mirabest__mixed____pretrain__banner__dino__mixed__vittiny__e600__p256____K1__as_is__info__,mirabest,mixed,linear,linear,6jz72oq3,__pretrain__banner__dino__mixed__vittiny__e600__p256__,banner,dino,mixed,[47.115386962890625],vit_tiny,1
4bx8kj7e,__linear__mirabest__minmax__byol_hulk_aug_minmax_model_resnet50__K1__as_is__info__,mirabest,minmax,linear,linear,h86uf9vr,byol_hulk_aug_minmax_model_resnet50,hulk,byol,minmax,[52.88461685180664],resnet50,1
3jwityhf,__linear__mirabest__mixed____pretrain__banner__dino__resnet18__e600__p256____K1__as_is__info__,mirabest,mixed,linear,linear,r55v8bjo,__pretrain__banner__dino__resnet18__e600__p256__,banner,dino,mixed,[52.88461685180664],resnet18,1
2khvsdak,__linear__mirabest__minmax__byol_hulk_aug_mixed_model_resnet18__K1__as_is__info__,mirabest,minmax,linear,linear,wgoatix7,byol_hulk_aug_mixed_model_resnet18,hulk,byol,mixed,[47.115386962890625],resnet18,1
1mea1ohx,__linear__mirabest__minmax____pretrain__banner__dino__mixed__vittiny__e600__p256__lr001__K1__as_is__info__,mirabest,minmax,linear,linear,ef8jdr9u,__pretrain__banner__dino__mixed__vittiny__e600__p256__lr001,banner,dino,mixed,[41.34615707397461],vit_tiny,1
1fylm6pr,__linear__mirabest__minmax__byol_banner_aug_mixed_model_resnet50_lr02__K1__as_is__info__,mirabest,minmax,linear,linear,x21qga53,byol_banner_aug_mixed_model_resnet50_lr02_600epcs,banner,byol,mixed,[47.115386962890625],resnet50,1
rddt2guf,__linear__mirabest__minmax__byol_banner_aug_minmax_model_resnet50__K1__as_is__info__,mirabest,minmax,linear,linear,xtulgzz6,byol_banner_aug_minmax_model_resnet50,banner,byol,minmax,[52.88461685180664],resnet50,1
mnj2bpdo,__linear__mirabest__mixed__byol_banner_aug_minmax_model_resnet50__K1__as_is__info__,mirabest,mixed,linear,linear,xtulgzz6,byol_banner_aug_minmax_model_resnet50,banner,byol,minmax,[47.115386962890625],resnet50,1
iifd64mp,__linear__robin__minmax__simclr_banner_aug_mixed_model_resnet18__K3__as_is__info__,robin,minmax,linear,linear,hljzzxvp,simclr_banner_aug_mixed_model_resnet18,banner,simclr,mixed,"[72.64934539794922, 77.37661743164062, 65.2727279663086]",resnet18,3
hsfh9xe8,__linear__robin__minmax__swav-banner-mixed-resnet18-prot300-lr12-batch1024__K3__balanced_as_is__info__,robin,minmax,linear,linear,t2dojrsg,swav-banner-mixed-resnet18-prot300-lr12-batch1024,banner,swav,mixed,"[67.37661743164062, 72.80519104003906, 63.09090805053711]",resnet18,3
3obdknuq,__linear__robin__minmax__simclr_banner_aug_mixed_model_resnet50__K3__as_is__info__,robin,minmax,linear,linear,u4crvqfs,simclr_banner_aug_mixed_model_resnet50,banner,simclr,mixed,"[73.24674987792969, 79.48051452636719, 65.7402572631836]",resnet50,3
wwn15i0k,__linear__robin__minmax__byol_banner_aug_mixed_model_resnet18__K3__as_is__info__,robin,minmax,linear,linear,jymmsi6s,byol_banner_aug_mixed_model_resnet18,banner,byol,mixed,"[70.07791900634766, 74.02597045898438, 64.2077865600586]",resnet18,3
uiohkb9t,__linear__robin__minmax__simclr_banner_aug_minmax_model_resnet50__K3__as_is__info__,robin,minmax,linear,linear,4j8zhz46,simclr_banner_aug_minmax_model_resnet50,banner,simclr,minmax,"[69.92207336425781, 80.2077865600586, 66.64934539794922]",resnet50,3
qkx14vs4,__linear__robin__minmax__byol_banner_aug_minmax_model_resnet50__K3__as_is__info__,robin,minmax,linear,linear,xtulgzz6,byol_banner_aug_minmax_model_resnet50,banner,byol,minmax,"[14.285714149475098, 14.285714149475098, 14.285714149475098]",resnet50,3
okwea7ng,__linear__robin__minmax__byol_hulk_aug_mixed_model_resnet18__K3__as_is__info__,robin,minmax,linear,linear,wgoatix7,byol_hulk_aug_mixed_model_resnet18,hulk,byol,mixed,"[68.64934539794922, 73.1948013305664, 62.25973892211914]",resnet18,3
em2c68cw,__linear__robin__minmax__byol_hulk_aug_mixed_model_resnet50__K3__as_is__info__,robin,minmax,linear,linear,nlmcibmc,byol_hulk_aug_mixed_model_resnet50,hulk,byol,mixed,"[66.85713958740234, 72.67532348632812, 61.194801330566406]",resnet50,3
bl93qy0l,__linear__robin__minmax____pretrain__banner__all4one__resnet18__600__512____K3__as_is__info__,robin,minmax,linear,linear,2h5n923y,__pretrain__banner__all4one__resnet18__600__512__,banner,all4one,mixed,"[71.22077941894531, 77.48051452636719, 66.10389709472656]",resnet18,3
7gpyst6g,__linear__robin__minmax____pretrain__banner__dino__mixed__vittiny__e600__p256__lr001__K3__as_is__info__,robin,minmax,linear,linear,ef8jdr9u,__pretrain__banner__dino__mixed__vittiny__e600__p256__lr001,banner,dino,mixed,"[45.35064697265625, 54.883113861083984, 44.75324630737305]",vit_tiny,3
3qfpbl9s,__linear__robin__minmax__simclr_banner_aug_minmax_model_resnet18__K3__as_is__info__,robin,minmax,linear,linear,uiaz3umx,simclr_banner_aug_minmax_model_resnet18,banner,simclr,minmax,"[72.07791900634766, 78.02597045898438, 65.53246307373047]",resnet18,3
jrfvklle,__linear__robin__minmax____pretrain__banner__dino__mixed__vittiny__e600__p512__lr001__K3__as_is__info__,robin,minmax,linear,linear,5mn08b62,__pretrain__banner__dino__mixed__vittiny__e600__p512__lr001,banner,dino,mixed,"[48.467529296875, 58.025970458984375, 48.75324630737305]",vit_tiny,3
e1jxowxr,__linear__robin__minmax____pretrain__banner__dino__resnet18__e600__p256____K3__as_is__info__,robin,minmax,linear,linear,r55v8bjo,__pretrain__banner__dino__resnet18__e600__p256__,banner,dino,mixed,"[68.28571319580078, 72.98700714111328, 65.01298522949219]",resnet18,3
vgj8wn84,__linear__robin__minmax____pretrain__banner__all4one__minmax__resnet18__e600__p512____K3__as_is__info__,robin,minmax,linear,linear,60ffbwwo,__pretrain__banner__all4one__minmax__resnet18__e600__p512__,banner,all4one,minmax,"[73.79220581054688, 80.80519104003906, 70.38961029052734]",resnet18,3
j1lyanly,__linear__robin__minmax__byol_hulk_aug_minmax_model_resnet18__K3__as_is__info__,robin,minmax,linear,linear,uja9qvb7,byol_hulk_aug_minmax_model_resnet18,hulk,byol,minmax,"[69.37661743164062, 73.58441162109375, 63.40259552001953]",resnet18,3
dp8p36mr,__linear__robin__minmax____pretrain__banner__dino__mixed__vittiny__e600__p256____K3__as_is__info__,robin,minmax,linear,linear,6jz72oq3,__pretrain__banner__dino__mixed__vittiny__e600__p256__,banner,dino,mixed,"[14.285714149475098, 14.285714149475098, 14.285714149475098]",vit_tiny,3
6q68som6,__linear__robin__minmax__byol_banner_aug_mixed_model_resnet50_lr02__K3__as_is__info__,robin,minmax,linear,linear,x21qga53,byol_banner_aug_mixed_model_resnet50_lr02_600epcs,banner,byol,mixed,"[14.285714149475098, 14.285714149475098, 14.285714149475098]",resnet50,3
ln99yfh4,__linear__robin__minmax__byol_hulk_aug_minmax_model_resnet50__K3__as_is__info__,robin,minmax,linear,linear,h86uf9vr,byol_hulk_aug_minmax_model_resnet50,hulk,byol,minmax,"[71.61038970947266, 71.87012481689453, 63.89610290527344]",resnet50,3
q2055usd,__linear__robin__mixed____pretrain__banner__dino__mixed__vittiny__e600__p256____K3__as_is__info__,robin,mixed,linear,linear,6jz72oq3,__pretrain__banner__dino__mixed__vittiny__e600__p256__,banner,dino,mixed,"[14.285714149475098, 14.285714149475098, 14.285714149475098]",vit_tiny,3
ak9j4j6g,__linear__robin__mixed____pretrain__banner__dino__mixed__vittiny__e600__p512__lr001__K3__as_is__info__,robin,mixed,linear,linear,5mn08b62,__pretrain__banner__dino__mixed__vittiny__e600__p512__lr001,banner,dino,mixed,"[51.818180084228516, 59.740257263183594, 52.98701095581055]",vit_tiny,3
wc27ffuk,__linear__robin__mixed____pretrain__banner__all4one__resnet18__600__512____K3__as_is__info__,robin,mixed,linear,linear,2h5n923y,__pretrain__banner__all4one__resnet18__600__512__,banner,all4one,mixed,"[73.45454406738281, 79.03895568847656, 66.2337646484375]",resnet18,3
vw6bjxuj,__linear__robin__mixed__byol_banner_aug_mixed_model_resnet50_lr02__K3__as_is__info__,robin,mixed,linear,linear,x21qga53,byol_banner_aug_mixed_model_resnet50_lr02_600epcs,banner,byol,mixed,"[71.58441162109375, 77.1948013305664, 66.62337493896484]",resnet50,3
uzlknqew,__linear__robin__mixed__byol_hulk_aug_mixed_model_resnet50__K3__as_is__info__,robin,mixed,linear,linear,nlmcibmc,byol_hulk_aug_mixed_model_resnet50,hulk,byol,mixed,"[71.14285278320312, 71.9740219116211, 60.675323486328125]",resnet50,3
towqt8ux,__linear__robin__mixed__byol_hulk_aug_minmax_model_resnet18__K3__as_is__info__,robin,mixed,linear,linear,uja9qvb7,byol_hulk_aug_minmax_model_resnet18,hulk,byol,minmax,"[69.71427917480469, 73.84415435791016, 62.857139587402344]",resnet18,3
rzzx94th,__linear__robin__mixed____pretrain__banner__dino__resnet18__e600__p256____K3__as_is__info__,robin,mixed,linear,linear,r55v8bjo,__pretrain__banner__dino__resnet18__e600__p256__,banner,dino,mixed,"[68.59739685058594, 72.67532348632812, 63.194801330566406]",resnet18,3
id9f8lyu,__linear__robin__mixed__byol_hulk_aug_minmax_model_resnet50__K3__as_is__info__,robin,mixed,linear,linear,h86uf9vr,byol_hulk_aug_minmax_model_resnet50,hulk,byol,minmax,"[70.31168365478516, 71.9740219116211, 63.24674987792969]",resnet50,3
gvt7y492,__linear__robin__mixed__byol_banner_aug_mixed_model_resnet18__K3__as_is__info__,robin,mixed,linear,linear,jymmsi6s,byol_banner_aug_mixed_model_resnet18,banner,byol,mixed,"[71.4285659790039, 79.68830871582031, 67.45454406738281]",resnet18,3
asi4idu8,__linear__robin__mixed__byol_hulk_aug_mixed_model_resnet18__K3__as_is__info__,robin,mixed,linear,linear,wgoatix7,byol_hulk_aug_mixed_model_resnet18,hulk,byol,mixed,"[72.12986755371094, 74.75324249267578, 63.06493377685547]",resnet18,3
92yib5uj,__linear__robin__mixed____pretrain__banner__dino__mixed__vittiny__e600__p256__lr001__K3__as_is__info__,robin,mixed,linear,linear,ef8jdr9u,__pretrain__banner__dino__mixed__vittiny__e600__p256__lr001,banner,dino,mixed,"[43.94805145263672, 44.727272033691406, 43.63636016845703]",vit_tiny,3
4eo4zdnx,__linear__robin__mixed____pretrain__banner__all4one__minmax__resnet18__e600__p512____K3__as_is__info__,robin,mixed,linear,linear,60ffbwwo,__pretrain__banner__all4one__minmax__resnet18__e600__p512__,banner,all4one,minmax,"[73.71427917480469, 80.31168365478516, 69.14285278320312]",resnet18,3
4dg7zro7,__linear__robin__mixed__simclr_banner_aug_minmax_model_resnet18__K3__as_is__info__,robin,mixed,linear,linear,uiaz3umx,simclr_banner_aug_minmax_model_resnet18,banner,simclr,minmax,"[72.2077865600586, 79.29869842529297, 65.09090423583984]",resnet18,3
t9a2ij60,__linear__robin__mixed__simclr_banner_aug_minmax_model_resnet50__K3__as_is__info__,robin,mixed,linear,linear,4j8zhz46,simclr_banner_aug_minmax_model_resnet50,banner,simclr,minmax,"[70.18181610107422, 79.92207336425781, 66.90908813476562]",resnet50,3
kypcdxcv,__linear__robin__mixed__simclr_banner_aug_mixed_model_resnet18__K3__as_is__info__,robin,mixed,linear,linear,hljzzxvp,simclr_banner_aug_mixed_model_resnet18,banner,simclr,mixed,"[74.9610366821289, 80.54544830322266, 66.07791900634766]",resnet18,3
sux72psc,__linear__robin__mixed__simclr_banner_aug_mixed_model_resnet50__K3__as_is__info__,robin,mixed,linear,linear,u4crvqfs,simclr_banner_aug_mixed_model_resnet50,banner,simclr,mixed,"[73.71427917480469, 80.7012939453125, 68.88311767578125]",resnet50,3
6uuaa3op,__linear__robin__mixed__byol_banner_aug_minmax_model_resnet50__K3__as_is__info__,robin,mixed,linear,linear,xtulgzz6,byol_banner_aug_minmax_model_resnet50,banner,byol,minmax,"[14.285714149475098, 14.285714149475098, 14.285714149475098]",resnet50,3
tel6zj1u,__linear__frg__mixed__simclr_banner_aug_mixed_model_resnet50__K3__as_is__info__,frg,mixed,linear,linear,u4crvqfs,simclr_banner_aug_mixed_model_resnet50,banner,simclr,mixed,"[61.60714340209961, 64.28571319580078, 64.61038970947266]",resnet50,3
qh1bfq1e,__linear__frg__mixed__byol_hulk_aug_minmax_model_resnet50__K3__as_is__info__,frg,mixed,linear,linear,h86uf9vr,byol_hulk_aug_minmax_model_resnet50,hulk,byol,minmax,"[62.256492614746094, 59.25324630737305, 61.03895950317383]",resnet50,3
mjluvfqj,__linear__frg__mixed__byol_banner_aug_mixed_model_resnet50_lr02__K3__as_is__info__,frg,mixed,linear,linear,x21qga53,byol_banner_aug_mixed_model_resnet50_lr02_600epcs,banner,byol,mixed,"[56.655845642089844, 61.60714340209961, 57.14285659790039]",resnet50,3
87qh5dpo,__linear__frg__mixed__byol_hulk_aug_minmax_model_resnet18__K3__as_is__info__,frg,mixed,linear,linear,uja9qvb7,byol_hulk_aug_minmax_model_resnet18,hulk,byol,minmax,"[59.82143020629883, 62.41883087158203, 58.92856979370117]",resnet18,3
3jmbws4j,__linear__frg__mixed__simclr_banner_aug_minmax_model_resnet50__K3__as_is__info__,frg,mixed,linear,linear,4j8zhz46,simclr_banner_aug_minmax_model_resnet50,banner,simclr,minmax,"[63.149349212646484, 65.2597427368164, 69.72402954101562]",resnet50,3
34jlr4qc,__linear__frg__mixed__byol_banner_aug_mixed_model_resnet18__K3__as_is__info__,frg,mixed,linear,linear,jymmsi6s,byol_banner_aug_mixed_model_resnet18,banner,byol,mixed,"[59.90259552001953, 62.41883087158203, 61.68831253051758]",resnet18,3
znehe483,__linear__frg__mixed____pretrain__banner__all4one__resnet18__600__512____K3__as_is__info__,frg,mixed,linear,linear,2h5n923y,__pretrain__banner__all4one__resnet18__600__512__,banner,all4one,mixed,"[58.7662353515625, 59.82143020629883, 59.00973892211914]",resnet18,3
hvy92ecl,__linear__frg__mixed__simclr_banner_aug_minmax_model_resnet18__K3__as_is__info__,frg,mixed,linear,linear,uiaz3umx,simclr_banner_aug_minmax_model_resnet18,banner,simclr,minmax,"[65.42208099365234, 65.17857360839844, 65.82791900634766]",resnet18,3
bq48fsug,__linear__frg__mixed____pretrain__banner__dino__resnet18__e600__p256____K3__as_is__info__,frg,mixed,linear,linear,r55v8bjo,__pretrain__banner__dino__resnet18__e600__p256__,banner,dino,mixed,"[53.24675369262695, 52.191558837890625, 53.977272033691406]",resnet18,3
9hhbit8c,__linear__frg__mixed____pretrain__banner__all4one__minmax__resnet18__e600__p512____K3__as_is__info__,frg,mixed,linear,linear,60ffbwwo,__pretrain__banner__all4one__minmax__resnet18__e600__p512__,banner,all4one,minmax,"[63.798702239990234, 63.068180084228516, 63.717533111572266]",resnet18,3
s0foqul5,__linear__frg__mixed____pretrain__banner__dino__mixed__vittiny__e600__p256____K3__as_is__info__,frg,mixed,linear,linear,6jz72oq3,__pretrain__banner__dino__mixed__vittiny__e600__p256__,banner,dino,mixed,"[25.0, 25.0, 25.0]",vit_tiny,3
rh7o4yws,__linear__frg__mixed__simclr_banner_aug_mixed_model_resnet18__K3__as_is__info__,frg,mixed,linear,linear,hljzzxvp,simclr_banner_aug_mixed_model_resnet18,banner,simclr,mixed,"[61.52597427368164, 64.12337493896484, 66.55844116210938]",resnet18,3
wrb6tx0i,__linear__frg__mixed____pretrain__banner__dino__mixed__vittiny__e600__p512__lr001__K3__as_is__info__,frg,mixed,linear,linear,5mn08b62,__pretrain__banner__dino__mixed__vittiny__e600__p512__lr001,banner,dino,mixed,"[49.350650787353516, 49.10714340209961, 46.59090805053711]",vit_tiny,3
jf8ouxn1,__linear__frg__mixed____pretrain__banner__dino__mixed__vittiny__e600__p256__lr001__K3__as_is__info__,frg,mixed,linear,linear,ef8jdr9u,__pretrain__banner__dino__mixed__vittiny__e600__p256__lr001,banner,dino,mixed,"[47.24026107788086, 49.02597427368164, 47.40259552001953]",vit_tiny,3
cvkc4jwl,__linear__frg__mixed__byol_hulk_aug_mixed_model_resnet50__K3__as_is__info__,frg,mixed,linear,linear,nlmcibmc,byol_hulk_aug_mixed_model_resnet50,hulk,byol,mixed,"[59.65909194946289, 56.25, 59.9837646484375]",resnet50,3
2npcr3gf,__linear__frg__mixed__byol_hulk_aug_mixed_model_resnet18__K3__as_is__info__,frg,mixed,linear,linear,wgoatix7,byol_hulk_aug_mixed_model_resnet18,hulk,byol,mixed,"[59.00973892211914, 60.79545593261719, 59.90259552001953]",resnet18,3
q07a1vr1,__linear__frg__minmax__byol_banner_aug_minmax_model_resnet50__K3__as_is__info__,frg,minmax,linear,linear,xtulgzz6,byol_banner_aug_minmax_model_resnet50,banner,byol,minmax,"[62.66233825683594, 63.96104049682617, 60.14610290527344]",resnet50,3
mpmjijpg,__linear__frg__minmax__byol_hulk_aug_mixed_model_resnet50__K3__as_is__info__,frg,minmax,linear,linear,nlmcibmc,byol_hulk_aug_mixed_model_resnet50,hulk,byol,mixed,"[61.60714340209961, 59.49675369262695, 60.308441162109375]",resnet50,3
mmotzf2z,__linear__frg__mixed__byol_banner_aug_minmax_model_resnet50__K3__as_is__info__,frg,mixed,linear,linear,xtulgzz6,byol_banner_aug_minmax_model_resnet50,banner,byol,minmax,"[61.52597427368164, 61.201297760009766, 61.931819915771484]",resnet50,3
htdqb4gf,__linear__frg__minmax__byol_hulk_aug_mixed_model_resnet18__K3__as_is__info__,frg,minmax,linear,linear,wgoatix7,byol_hulk_aug_mixed_model_resnet18,hulk,byol,mixed,"[58.522727966308594, 62.01298522949219, 60.389610290527344]",resnet18,3
bfljkosj,__linear__frg__minmax__byol_banner_aug_mixed_model_resnet18__K3__as_is__info__,frg,minmax,linear,linear,jymmsi6s,byol_banner_aug_mixed_model_resnet18,banner,byol,mixed,"[58.522727966308594, 61.60714340209961, 58.68506622314453]",resnet18,3
amv66hbz,__linear__frg__minmax____pretrain__banner__all4one__resnet18__600__512____K3__as_is__info__,frg,minmax,linear,linear,2h5n923y,__pretrain__banner__all4one__resnet18__600__512__,banner,all4one,mixed,"[58.27922058105469, 59.90259552001953, 58.441558837890625]",resnet18,3
3qn4rqmw,__linear__frg__minmax__byol_hulk_aug_minmax_model_resnet50__K3__as_is__info__,frg,minmax,linear,linear,h86uf9vr,byol_hulk_aug_minmax_model_resnet50,hulk,byol,minmax,"[60.06493377685547, 59.82143020629883, 57.71104049682617]",resnet50,3
zlak3axw,__linear__frg__minmax__byol_banner_aug_mixed_model_resnet50_lr02__K3__as_is__info__,frg,minmax,linear,linear,x21qga53,byol_banner_aug_mixed_model_resnet50_lr02_600epcs,banner,byol,mixed,"[53.084415435791016, 58.19805145263672, 54.951297760009766]",resnet50,3
wiub3335,__linear__frg__minmax____pretrain__banner__all4one__minmax__resnet18__e600__p512____K3__as_is__info__,frg,minmax,linear,linear,60ffbwwo,__pretrain__banner__all4one__minmax__resnet18__e600__p512__,banner,all4one,minmax,"[64.61038970947266, 65.34091186523438, 66.31493377685547]",resnet18,3
ozuc6rq7,__linear__frg__minmax____pretrain__banner__dino__mixed__vittiny__e600__p256____K3__as_is__info__,frg,minmax,linear,linear,6jz72oq3,__pretrain__banner__dino__mixed__vittiny__e600__p256__,banner,dino,mixed,"[25.0, 25.0, 25.0]",vit_tiny,3
3ka9rzyq,__linear__frg__minmax____pretrain__banner__dino__mixed__vittiny__e600__p512__lr001__K3__as_is__info__,frg,minmax,linear,linear,5mn08b62,__pretrain__banner__dino__mixed__vittiny__e600__p512__lr001,banner,dino,mixed,"[52.5974006652832, 49.350650787353516, 48.8636360168457]",vit_tiny,3
v9btejc5,__linear__frg__minmax__byol_hulk_aug_minmax_model_resnet18__K3__as_is__info__,frg,minmax,linear,linear,uja9qvb7,byol_hulk_aug_minmax_model_resnet18,hulk,byol,minmax,"[60.227272033691406, 62.01298522949219, 62.905845642089844]",resnet18,3
lf7vnyh6,__linear__frg__minmax____pretrain__banner__dino__mixed__vittiny__e600__p256__lr001__K3__as_is__info__,frg,minmax,linear,linear,ef8jdr9u,__pretrain__banner__dino__mixed__vittiny__e600__p256__lr001,banner,dino,mixed,"[43.506492614746094, 48.782466888427734, 44.64285659790039]",vit_tiny,3
dp9z99ar,__linear__frg__minmax____pretrain__banner__dino__resnet18__e600__p256____K3__as_is__info__,frg,minmax,linear,linear,r55v8bjo,__pretrain__banner__dino__resnet18__e600__p256__,banner,dino,mixed,"[50.405845642089844, 51.78571319580078, 48.05194854736328]",resnet18,3
e5zz5rng,__linear__frg__minmax__simclr_banner_aug_minmax_model_resnet18__K3__as_is__info__,frg,minmax,linear,linear,uiaz3umx,simclr_banner_aug_minmax_model_resnet18,banner,simclr,minmax,"[68.66883087158203, 68.42532348632812, 66.07142639160156]",resnet18,3
4uro5q4o,__linear__frg__minmax__simclr_banner_aug_minmax_model_resnet50__K3__as_is__info__,frg,minmax,linear,linear,4j8zhz46,simclr_banner_aug_minmax_model_resnet50,banner,simclr,minmax,"[65.42208099365234, 63.717533111572266, 69.64286041259766]",resnet50,3
8atr7yns,__linear__frg__minmax__swav-banner-mixed-resnet18-prot300-lr12-batch1024__K3__balanced_as_is__info__,frg,minmax,linear,linear,t2dojrsg,swav-banner-mixed-resnet18-prot300-lr12-batch1024,banner,swav,mixed,"[53.32792282104492, 56.006492614746094, 51.94805145263672]",resnet18,3
3y6ppwq1,__linear__frg__minmax__simclr_banner_aug_mixed_model_resnet18__K3__as_is__info__,frg,minmax,linear,linear,hljzzxvp,simclr_banner_aug_mixed_model_resnet18,banner,simclr,mixed,"[63.47402572631836, 65.2597427368164, 67.85713958740234]",resnet18,3
2xvo41z9,__linear__frg__minmax__simclr_banner_aug_mixed_model_resnet50__K3__as_is__info__,frg,minmax,linear,linear,u4crvqfs,simclr_banner_aug_mixed_model_resnet50,banner,simclr,mixed,"[62.256492614746094, 63.068180084228516, 63.23051834106445]",resnet50,3
xpqrtesg,__linear__vlass__mixed__simclr_banner_aug_minmax_model_resnet50__K3__as_is__info_downloaded__,vlass,mixed,linear,linear,4j8zhz46,simclr_banner_aug_minmax_model_resnet50,banner,simclr,minmax,"[70.6211166381836, 71.2008285522461, 70.41407775878906]",resnet50,3
tj9krvqn,__linear__vlass__mixed__simclr_banner_aug_minmax_model_resnet18__K3__as_is__info_downloaded__,vlass,mixed,linear,linear,uiaz3umx,simclr_banner_aug_minmax_model_resnet18,banner,simclr,minmax,"[69.04762268066406, 68.96480560302734, 69.10973358154297]",resnet18,3
s8x2hoc3,__linear__vlass__mixed__simclr_banner_aug_mixed_model_resnet18__K3__as_is__info_downloaded__,vlass,mixed,linear,linear,hljzzxvp,simclr_banner_aug_mixed_model_resnet18,banner,simclr,mixed,"[69.9585952758789, 70.86956787109375, 69.87577819824219]",resnet18,3
q4wnxb5l,__linear__vlass__mixed____pretrain__banner__dino__resnet18__e600__p256____K3__as_is__info_downloaded__,vlass,mixed,linear,linear,r55v8bjo,__pretrain__banner__dino__resnet18__e600__p256__,banner,dino,mixed,"[67.57763671875, 67.70186614990234, 70.10352325439453]",resnet18,3
hw33qrtc,__linear__vlass__mixed____pretrain__banner__dino__mixed__vittiny__e600__p512__lr001__K3__as_is__info_downloaded__,vlass,mixed,linear,linear,5mn08b62,__pretrain__banner__dino__mixed__vittiny__e600__p512__lr001,banner,dino,mixed,"[45.983436584472656, 43.83022689819336, 45.817806243896484]",vit_tiny,3
au8hj79b,__linear__vlass__mixed____pretrain__banner__dino__mixed__vittiny__e600__p256__lr001__K3__as_is__info_downloaded__,vlass,mixed,linear,linear,ef8jdr9u,__pretrain__banner__dino__mixed__vittiny__e600__p256__lr001,banner,dino,mixed,"[42.89855194091797, 41.366458892822266, 41.63561248779297]",vit_tiny,3
03fm4tcq,__linear__vlass__mixed__simclr_banner_aug_mixed_model_resnet50__K3__as_is__info_downloaded__,vlass,mixed,linear,linear,u4crvqfs,simclr_banner_aug_mixed_model_resnet50,banner,simclr,mixed,"[72.21532440185547, 72.4637680053711, 71.262939453125]",resnet50,3
6sd47wo5,__linear__vlass__mixed____pretrain__banner__dino__mixed__vittiny__e600__p256____K3__as_is__info_downloaded__,vlass,mixed,linear,linear,6jz72oq3,__pretrain__banner__dino__mixed__vittiny__e600__p256__,banner,dino,mixed,"[20.0, 20.0, 20.0]",vit_tiny,3
ocfssa3q,__linear__vlass__mixed____pretrain__banner__all4one__resnet18__600__512____K3__as_is__info_downloaded__,vlass,mixed,linear,linear,2h5n923y,__pretrain__banner__all4one__resnet18__600__512__,banner,all4one,mixed,"[68.84058380126953, 66.62525939941406, 70.02070617675781]",resnet18,3
3yiy70es,__linear__vlass__mixed__byol_hulk_aug_mixed_model_resnet50__K3__as_is__info_downloaded__,vlass,mixed,linear,linear,nlmcibmc,byol_hulk_aug_mixed_model_resnet50,hulk,byol,mixed,"[69.08902740478516, 68.36438751220703, 70.6211166381836]",resnet50,3
3gc88fle,__linear__vlass__mixed____pretrain__banner__all4one__minmax__resnet18__e600__p512____K3__as_is__info_downloaded__,vlass,mixed,linear,linear,60ffbwwo,__pretrain__banner__all4one__minmax__resnet18__e600__p512__,banner,all4one,minmax,"[71.28364562988281, 70.97308349609375, 72.19461822509766]",resnet18,3
fobesc2d,__linear__vlass__mixed__byol_hulk_aug_mixed_model_resnet18__K3__as_is__info_downloaded__,vlass,mixed,linear,linear,wgoatix7,byol_hulk_aug_mixed_model_resnet18,hulk,byol,mixed,"[68.63353729248047, 67.84679412841797, 70.12422180175781]",resnet18,3
zu2sixx7,__linear__vlass__minmax____pretrain__banner__dino__mixed__vittiny__e600__p512__lr001__K3__as_is__info_downloaded__,vlass,minmax,linear,linear,5mn08b62,__pretrain__banner__dino__mixed__vittiny__e600__p512__lr001,banner,dino,mixed,"[54.24430847167969, 53.58177947998047, 52.83644104003906]",vit_tiny,3
x07ar964,__linear__vlass__mixed__byol_banner_aug_mixed_model_resnet18__K3__as_is__info_downloaded__,vlass,mixed,linear,linear,jymmsi6s,byol_banner_aug_mixed_model_resnet18,banner,byol,mixed,"[70.24845123291016, 68.28157043457031, 71.24223327636719]",resnet18,3
rk00h7rw,__linear__vlass__minmax__simclr_banner_aug_mixed_model_resnet50__K3__as_is__info_downloaded__,vlass,minmax,linear,linear,u4crvqfs,simclr_banner_aug_mixed_model_resnet50,banner,simclr,mixed,"[69.71014404296875, 71.96687316894531, 70.31056213378906]",resnet50,3
qjv0iz0i,__linear__vlass__minmax__simclr_banner_aug_minmax_model_resnet18__K3__as_is__info_downloaded__,vlass,minmax,linear,linear,uiaz3umx,simclr_banner_aug_minmax_model_resnet18,banner,simclr,minmax,"[70.93167877197266, 70.6418228149414, 71.49068450927734]",resnet18,3
nc9q6ufo,__linear__vlass__mixed__byol_banner_aug_minmax_model_resnet50__K3__as_is__info_downloaded__,vlass,mixed,linear,linear,xtulgzz6,byol_banner_aug_minmax_model_resnet50,banner,byol,minmax,"[72.07039642333984, 70.5176010131836, 72.5879898071289]",resnet50,3
lc6kd6lp,__linear__vlass__mixed__byol_hulk_aug_minmax_model_resnet18__K3__as_is__info_downloaded__,vlass,mixed,linear,linear,uja9qvb7,byol_hulk_aug_minmax_model_resnet18,hulk,byol,minmax,"[61.904762268066406, 60.351966857910156, 63.58177947998047]",resnet18,3
jk8tsmgi,__linear__vlass__minmax__simclr_banner_aug_minmax_model_resnet50__K3__as_is__info_downloaded__,vlass,minmax,linear,linear,4j8zhz46,simclr_banner_aug_minmax_model_resnet50,banner,simclr,minmax,"[71.36646270751953, 72.17391204833984, 70.7453384399414]",resnet50,3
iqz88ka9,__linear__vlass__minmax__swav-banner-mixed-resnet18-prot300-lr12-batch1024__K3__balanced_as_is__info__,vlass,minmax,linear,linear,t2dojrsg,swav-banner-mixed-resnet18-prot300-lr12-batch1024,banner,swav,mixed,"[55.17598342895508, 53.60248565673828, 54.45134735107422]",resnet18,3
7dlwvc1i,__linear__vlass__minmax____pretrain__banner__dino__resnet18__e600__p256____K3__as_is__info_downloaded__,vlass,minmax,linear,linear,r55v8bjo,__pretrain__banner__dino__resnet18__e600__p256__,banner,dino,mixed,"[61.34575653076172, 61.55279541015625, 63.95445251464844]",resnet18,3
5k8vpiib,__linear__vlass__mixed__byol_hulk_aug_minmax_model_resnet50__K3__as_is__info_downloaded__,vlass,mixed,linear,linear,h86uf9vr,byol_hulk_aug_minmax_model_resnet50,hulk,byol,minmax,"[65.32090759277344, 62.73291778564453, 65.6935806274414]",resnet50,3
5a6yexs5,__linear__vlass__mixed__byol_banner_aug_mixed_model_resnet50_lr02__K3__as_is__info_downloaded__,vlass,mixed,linear,linear,x21qga53,byol_banner_aug_mixed_model_resnet50_lr02_600epcs,banner,byol,mixed,"[68.07453155517578, 66.48033142089844, 69.896484375]",resnet50,3
s5q392we,__linear__vlass__minmax__simclr_banner_aug_mixed_model_resnet18__K3__as_is__info_downloaded__,vlass,minmax,linear,linear,hljzzxvp,simclr_banner_aug_mixed_model_resnet18,banner,simclr,mixed,"[66.9565200805664, 68.13665008544922, 68.44720458984375]",resnet18,3
q0e4qza9,__linear__vlass__minmax____pretrain__banner__dino__mixed__vittiny__e600__p256____K3__as_is__info_downloaded__,vlass,minmax,linear,linear,6jz72oq3,__pretrain__banner__dino__mixed__vittiny__e600__p256__,banner,dino,mixed,"[20.0, 20.0, 20.0]",vit_tiny,3
ouk9aliw,__linear__vlass__minmax____pretrain__banner__all4one__resnet18__600__512____K3__as_is__info_downloaded__,vlass,minmax,linear,linear,2h5n923y,__pretrain__banner__all4one__resnet18__600__512__,banner,all4one,mixed,"[66.74948120117188, 66.211181640625, 66.23188781738281]",resnet18,3
8u26j7k7,__linear__vlass__minmax____pretrain__banner__dino__mixed__vittiny__e600__p256__lr001__K3__as_is__info_downloaded__,vlass,minmax,linear,linear,ef8jdr9u,__pretrain__banner__dino__mixed__vittiny__e600__p256__lr001,banner,dino,mixed,"[52.422359466552734, 50.227745056152344, 49.97929763793945]",vit_tiny,3
vinb6sdy,__linear__vlass__minmax__byol_hulk_aug_mixed_model_resnet50__K3__as_is__info_downloaded__,vlass,minmax,linear,linear,nlmcibmc,byol_hulk_aug_mixed_model_resnet50,hulk,byol,mixed,"[56.501033782958984, 57.95030975341797, 59.02691650390625]",resnet50,3
fej4xu51,__linear__vlass__minmax____pretrain__banner__all4one__minmax__resnet18__e600__p512____K3__as_is__info_downloaded__,vlass,minmax,linear,linear,60ffbwwo,__pretrain__banner__all4one__minmax__resnet18__e600__p512__,banner,all4one,minmax,"[71.65631866455078, 72.65010070800781, 74.38923645019531]",resnet18,3
d8h9b34n,__linear__vlass__minmax__byol_hulk_aug_mixed_model_resnet18__K3__as_is__info_downloaded__,vlass,minmax,linear,linear,wgoatix7,byol_hulk_aug_mixed_model_resnet18,hulk,byol,mixed,"[68.46791076660156, 66.33540344238281, 67.24637603759766]",resnet18,3
zaqz0do3,__linear__vlass__minmax__byol_hulk_aug_minmax_model_resnet50__K3__as_is__info_downloaded__,vlass,minmax,linear,linear,h86uf9vr,byol_hulk_aug_minmax_model_resnet50,hulk,byol,minmax,"[66.8322982788086, 66.12836456298828, 68.30227661132812]",resnet50,3
y394ltrv,__linear__vlass__minmax__byol_hulk_aug_minmax_model_resnet18__K3__as_is__info_downloaded__,vlass,minmax,linear,linear,uja9qvb7,byol_hulk_aug_minmax_model_resnet18,hulk,byol,minmax,"[65.32090759277344, 64.12008666992188, 66.2732925415039]",resnet18,3
n906qcch,__linear__vlass__minmax__byol_banner_aug_mixed_model_resnet18__K3__as_is__info_downloaded__,vlass,minmax,linear,linear,jymmsi6s,byol_banner_aug_mixed_model_resnet18,banner,byol,mixed,"[64.24430847167969, 63.06418228149414, 66.1490707397461]",resnet18,3
jswt07a7,__linear__vlass__minmax__byol_banner_aug_mixed_model_resnet50_lr02__K3__as_is__info_downloaded__,vlass,minmax,linear,linear,x21qga53,byol_banner_aug_mixed_model_resnet50_lr02_600epcs,banner,byol,mixed,"[61.24223709106445, 61.38716506958008, 63.91304397583008]",resnet50,3
7dmra1kd,__linear__vlass__minmax__byol_banner_aug_minmax_model_resnet50__K3__as_is__info_downloaded__,vlass,minmax,linear,linear,xtulgzz6,byol_banner_aug_minmax_model_resnet50,banner,byol,minmax,"[73.80952453613281, 71.159423828125, 74.57556915283203]",resnet50,3
tyn6irfd,__linear__rgz__minmax____byol__resnet18__meanstd__K10__balanced_fixed__info_wo_nan__,rgz,minmax,linear,linear,fzm3knyp,__byol__resnet18__meanstd,banner,byol,mixed,"[69.96295928955078, 70.81481170654297, 68.0740737915039, 69.0740737915039, 69.67334747314453, 72.97698974609375, 69.59911346435547, 68.52264404296875, 69.41351318359375, 68.8196029663086]",resnet18,10
ubkn8jlf,__linear__rgz__mixed____pretrain__banner__all4one__resnet18__600__512____K10__balanced_fixed__info_wo_nan__,rgz,mixed,linear,linear,2h5n923y,__pretrain__banner__all4one__resnet18__600__512__,banner,all4one,mixed,"[70.44444274902344, 69.85185241699219, 69.88888549804688, 69.51851654052734, 70.11878204345703, 72.60578918457031, 67.9287338256836, 68.59688568115234, 71.38085174560547, 69.22791290283203]",resnet18,10
8ias9eem,__linear__rgz__minmax____pretrain__banner__dino__resnet18__e600__p256____K10__balanced_fixed__info_wo_nan__,rgz,minmax,linear,linear,r55v8bjo,__pretrain__banner__dino__resnet18__e600__p256__,banner,dino,mixed,"[66.25926208496094, 62.518516540527344, 63.55555725097656, 62.11111068725586, 63.028953552246094, 68.2999267578125, 63.43727111816406, 62.21232604980469, 63.36302947998047, 65.96139526367188]",resnet18,10
36i6mill,__linear__rgz__minmax____pretrain__banner__all4one__resnet18__600__512____K10__balanced_fixed__info_wo_nan__,rgz,minmax,linear,linear,2h5n923y,__pretrain__banner__all4one__resnet18__600__512__,banner,all4one,mixed,"[69.03704071044922, 66.03704071044922, 66.85185241699219, 68.03704071044922, 68.70824432373047, 71.97476196289062, 68.2999267578125, 68.07720947265625, 67.9287338256836, 69.78470611572266]",resnet18,10
rtadqabc,__linear__robin__mixed____pretrain__banner__dino__resnet18__e600__p256____K10__balanced_fixed__info__,robin,mixed,linear,linear,r55v8bjo,__pretrain__banner__dino__resnet18__e600__p256__,banner,dino,mixed,"[69.61038970947266, 73.41991424560547, 72.7272720336914, 76.53679656982422, 75.75757598876953, 73.7662353515625, 67.532470703125, 68.39826965332031, 63.80952453613281, 62.36933898925781]",resnet18,10
v4echdjt,__linear__robin__mixed____pretrain__banner__all4one__resnet18__600__512____K10__balanced_fixed__info__,robin,mixed,linear,linear,2h5n923y,__pretrain__banner__all4one__resnet18__600__512__,banner,all4one,mixed,"[72.55411529541016, 78.44155883789062, 76.36363983154297, 72.55411529541016, 82.59740447998047, 82.85714721679688, 77.66233825683594, 75.49784088134766, 65.97402954101562, 70.64459991455078]",resnet18,10
iijm2vvk,__linear__robin__minmax____pretrain__banner__dino__resnet18__e600__p256____K10__balanced_fixed__info__,robin,minmax,linear,linear,r55v8bjo,__pretrain__banner__dino__resnet18__e600__p256__,banner,dino,mixed,"[74.45887756347656, 70.04328918457031, 71.60173034667969, 71.16883087158203, 75.15151977539062, 71.34199523925781, 68.39826965332031, 67.44589233398438, 62.07792282104492, 66.37630462646484]",resnet18,10
uujb56aa,__linear__robin__minmax____pretrain__banner__all4one__resnet18__600__512____K10__balanced_fixed__info__,robin,minmax,linear,linear,2h5n923y,__pretrain__banner__all4one__resnet18__600__512__,banner,all4one,mixed,"[76.01731872558594, 72.55411529541016, 72.98701477050781, 71.68831634521484, 83.29004669189453, 79.30735778808594, 76.4502182006836, 76.62337493896484, 69.09091186523438, 70.81881713867188]",resnet18,10
kbulolbs,__linear__robin__mixed____pretrain__banner__all4one__minmax__resnet18__e600__p512____K10__balanced_fixed__info__,robin,mixed,linear,linear,60ffbwwo,__pretrain__banner__all4one__minmax__resnet18__e600__p512__,banner,all4one,minmax,"[76.27706146240234, 79.74026489257812, 77.48918151855469, 77.57575988769531, 84.06926727294922, 79.91342163085938, 81.12554168701172, 74.54545593261719, 69.177490234375, 69.86062622070312]",resnet18,10
3c6p6keu,__linear__robin__mixed____pretrain__banner__dino__mixed__vittiny__e600__p512__lr001__K10__balanced_fixed__info__,robin,mixed,linear,linear,5mn08b62,__pretrain__banner__dino__mixed__vittiny__e600__p512__lr001,banner,dino,mixed,"[56.01731872558594, 51.51515197753906, 53.67965316772461, 56.709957122802734, 62.25108337402344, 61.645023345947266, 55.15151596069336, 56.19047927856445, 51.16883087158203, 50.60975646972656]",vit_tiny,10
qpcexpgu,__linear__robin__mixed____pretrain__banner__dino__mixed__vittiny__e600__p256__lr001__K10__balanced_fixed__info__,robin,mixed,linear,linear,ef8jdr9u,__pretrain__banner__dino__mixed__vittiny__e600__p256__lr001,banner,dino,mixed,"[47.70562744140625, 39.567100524902344, 43.030303955078125, 45.627708435058594, 46.66666793823242, 48.48484802246094, 45.71428680419922, 43.376625061035156, 38.26839828491211, 42.59581756591797]",vit_tiny,10
3ux8xigc,__linear__rgz__mixed____pretrain__banner__dino__resnet18__e600__p256____K10__balanced_fixed__info_wo_nan__,rgz,mixed,linear,linear,r55v8bjo,__pretrain__banner__dino__resnet18__e600__p256__,banner,dino,mixed,"[70.77777862548828, 68.9259262084961, 71.48148345947266, 67.70370483398438, 69.37639617919922, 71.12100982666016, 67.44618225097656, 68.96807861328125, 70.30438232421875, 69.15367889404297]",resnet18,10
c0q6maiu,__linear__robin__minmax__byol_banner_aug_minmax_model_resnet18__K10__balanced_fixed__info__,robin,minmax,linear,linear,rfkiis97,byol_banner_aug_minmax_model_resnet18,banner,byol,minmax,"[74.19913482666016, 77.74891662597656, 77.48918151855469, 80.17316436767578, 80.60606384277344, 83.9826889038086, 82.33766174316406, 77.57575988769531, 68.31169128417969, 67.85714721679688]",resnet18,10
znme4g9o,__linear__rgz__mixed__byol_banner_aug_minmax_model_resnet18__K10__balanced_fixed__info_wo_nan__,rgz,mixed,linear,linear,rfkiis97,byol_banner_aug_minmax_model_resnet18,banner,byol,minmax,"[70.22222137451172, 69.18518829345703, 68.74073791503906, 69.88888549804688, 70.0816650390625, 73.49665832519531, 69.41351318359375, 70.04454803466797, 71.3437271118164, 71.26949310302734]",resnet18,10
6tpbfou2,__linear__robin__mixed__byol_banner_aug_minmax_model_resnet18__K10__balanced_fixed__info__,robin,mixed,linear,linear,rfkiis97,byol_banner_aug_minmax_model_resnet18,banner,byol,minmax,"[77.3160171508789, 79.48052215576172, 78.78787994384766, 74.28571319580078, 82.51082611083984, 83.89610290527344, 80.95238494873047, 75.75757598876953, 68.74459075927734, 69.16376495361328]",resnet18,10
xo5d48cq,__linear__rgz__mixed__simclr_banner_aug_mixed_model_resnet18__K10__balanced_fixed__info_wo_nan__,rgz,mixed,linear,linear,hljzzxvp,simclr_banner_aug_mixed_model_resnet18,banner,simclr,mixed,"[70.11111450195312, 70.33333587646484, 68.59259033203125, 67.44444274902344, 66.963623046875, 73.90497589111328, 70.63845825195312, 68.63400268554688, 69.2650375366211, 69.59911346435547]",resnet18,10
0xkuq28j,__linear__rgz__mixed__simclr_banner_aug_minmax_model_resnet18__K10__balanced_fixed__info_wo_nan__,rgz,mixed,linear,linear,uiaz3umx,simclr_banner_aug_minmax_model_resnet18,banner,simclr,minmax,"[67.74073791503906, 66.62963104248047, 68.48148345947266, 66.74073791503906, 66.44395446777344, 69.89606475830078, 68.48552703857422, 67.18634033203125, 68.63400268554688, 66.963623046875]",resnet18,10
jiifb23z,__linear__rgz__mixed__byol_hulk_aug_mixed_model_resnet18__K10__balanced_fixed__info_wo_nan__,rgz,mixed,linear,linear,wgoatix7,byol_hulk_aug_mixed_model_resnet18,hulk,byol,mixed,"[67.81481170654297, 64.29629516601562, 65.96295928955078, 62.074073791503906, 66.5181884765625, 66.40682983398438, 66.36971282958984, 64.62509155273438, 68.2999267578125, 66.36971282958984]",resnet18,10
vbajhnnq,__linear__rgz__mixed__byol_hulk_aug_minmax_model_resnet18__K10__balanced_fixed__info_wo_nan__,rgz,mixed,linear,linear,uja9qvb7,byol_hulk_aug_minmax_model_resnet18,hulk,byol,minmax,"[62.925926208496094, 63.85185241699219, 65.33333587646484, 63.62963104248047, 64.92205047607422, 65.96139526367188, 64.10542297363281, 62.54640197753906, 63.845584869384766, 65.40460205078125]",resnet18,10
n36fxssc,__linear__rgz__mixed__byol_banner_aug_mixed_model_resnet18__K10__balanced_fixed__info_wo_nan__,rgz,mixed,linear,linear,jymmsi6s,byol_banner_aug_mixed_model_resnet18,banner,byol,mixed,"[71.0740737915039, 70.25926208496094, 70.70370483398438, 70.66666412353516, 71.26949310302734, 72.53155517578125, 67.07498168945312, 71.97476196289062, 73.60801696777344, 71.12100982666016]",resnet18,10
dpw2jnw9,__linear__rgz__minmax__simclr_banner_aug_mixed_model_resnet18__K10__balanced_fixed__info_wo_nan__,rgz,minmax,linear,linear,hljzzxvp,simclr_banner_aug_mixed_model_resnet18,banner,simclr,mixed,"[71.18518829345703, 68.59259033203125, 69.85185241699219, 65.74073791503906, 70.19302368164062, 68.2999267578125, 68.41128540039062, 69.82183074951172, 71.00965118408203, 69.41351318359375]",resnet18,10
1n13dizg,__linear__rgz__minmax__simclr_banner_aug_minmax_model_resnet18__K10__balanced_fixed__info_wo_nan__,rgz,minmax,linear,linear,uiaz3umx,simclr_banner_aug_minmax_model_resnet18,banner,simclr,minmax,"[69.29629516601562, 68.81481170654297, 69.11111450195312, 66.55555725097656, 67.70601654052734, 70.82405853271484, 64.84780883789062, 65.6273193359375, 66.18411254882812, 68.55976104736328]",resnet18,10
0cmd3f1l,__linear__rgz__minmax__byol_hulk_aug_mixed_model_resnet18__K10__balanced_fixed__info_wo_nan__,rgz,minmax,linear,linear,wgoatix7,byol_hulk_aug_mixed_model_resnet18,hulk,byol,mixed,"[65.33333587646484, 64.40740966796875, 65.55555725097656, 61.518516540527344, 64.88493347167969, 66.70378875732422, 62.84335708618164, 65.33036804199219, 65.10765075683594, 66.1469955444336]",resnet18,10
as4zd8zx,__linear__rgz__minmax__byol_hulk_aug_minmax_model_resnet18__K10__balanced_fixed__info_wo_nan__,rgz,minmax,linear,linear,uja9qvb7,byol_hulk_aug_minmax_model_resnet18,hulk,byol,minmax,"[65.66666412353516, 66.62963104248047, 64.44444274902344, 64.44444274902344, 65.6273193359375, 65.47884368896484, 63.919822692871094, 66.03563690185547, 65.03340911865234, 67.33482360839844]",resnet18,10
g68ngvjb,__linear__rgz__minmax__byol_banner_aug_mixed_model_resnet18__K10__balanced_fixed__info_wo_nan__,rgz,minmax,linear,linear,jymmsi6s,byol_banner_aug_mixed_model_resnet18,banner,byol,mixed,"[69.88888549804688, 68.88888549804688, 69.77777862548828, 64.44444274902344, 70.527099609375, 69.7104721069336, 68.00296783447266, 69.67334747314453, 70.4528579711914, 70.48998260498047]",resnet18,10
q167k6yd,__linear__robin__mixed__simclr_banner_aug_mixed_model_resnet18__K10__balanced_fixed__info__,robin,mixed,linear,linear,hljzzxvp,simclr_banner_aug_mixed_model_resnet18,banner,simclr,mixed,"[74.71862030029297, 79.30735778808594, 78.26840209960938, 76.53679656982422, 84.8484878540039, 84.50216674804688, 80.0, 75.75757598876953, 69.00433349609375, 72.29965209960938]",resnet18,10
fjp9coi0,__linear__robin__mixed__simclr_banner_aug_minmax_model_resnet18__K10__balanced_fixed__info__,robin,mixed,linear,linear,uiaz3umx,simclr_banner_aug_minmax_model_resnet18,banner,simclr,minmax,"[71.34199523925781, 80.43289947509766, 78.6147232055664, 76.7099609375, 81.64502716064453, 83.54978942871094, 76.53679656982422, 74.63203430175781, 64.8484878540039, 68.29268646240234]",resnet18,10
okin09lp,__linear__robin__mixed__byol_hulk_aug_mixed_model_resnet18__K10__balanced_fixed__info__,robin,mixed,linear,linear,wgoatix7,byol_hulk_aug_mixed_model_resnet18,hulk,byol,mixed,"[73.41991424560547, 74.28571319580078, 72.64069366455078, 74.54545593261719, 80.60606384277344, 81.55844116210938, 76.79653930664062, 73.7662353515625, 64.3290023803711, 66.63763427734375]",resnet18,10
lucjadil,__linear__robin__mixed__byol_hulk_aug_minmax_model_resnet18__K10__balanced_fixed__info__,robin,mixed,linear,linear,uja9qvb7,byol_hulk_aug_minmax_model_resnet18,hulk,byol,minmax,"[72.03463745117188, 72.38095092773438, 73.93939208984375, 69.95671081542969, 77.05628204345703, 76.62337493896484, 73.85281372070312, 76.4502182006836, 63.116886138916016, 66.9860610961914]",resnet18,10
nx167ktq,__linear__robin__mixed__byol_banner_aug_mixed_model_resnet18__K10__balanced_fixed__info__,robin,mixed,linear,linear,jymmsi6s,byol_banner_aug_mixed_model_resnet18,banner,byol,mixed,"[75.4112548828125, 80.77922058105469, 78.6147232055664, 78.26840209960938, 81.12554168701172, 82.42424774169922, 80.60606384277344, 77.83550262451172, 66.83982849121094, 67.3344955444336]",resnet18,10
deo662bx,__linear__robin__minmax__simclr_banner_aug_mixed_model_resnet18__K10__balanced_fixed__info__,robin,minmax,linear,linear,hljzzxvp,simclr_banner_aug_mixed_model_resnet18,banner,simclr,mixed,"[72.1212158203125, 78.52813720703125, 79.82684326171875, 80.95238494873047, 84.50216674804688, 83.89610290527344, 77.40260314941406, 75.75757598876953, 70.12987518310547, 68.8153305053711]",resnet18,10
sz7ut2t4,__linear__robin__minmax__simclr_banner_aug_minmax_model_resnet18__K10__balanced_fixed__info__,robin,minmax,linear,linear,uiaz3umx,simclr_banner_aug_minmax_model_resnet18,banner,simclr,minmax,"[73.85281372070312, 77.92208099365234, 78.35498046875, 76.19047546386719, 83.63636779785156, 84.32901000976562, 77.83550262451172, 73.24675750732422, 68.39826965332031, 69.94773864746094]",resnet18,10
ldo25s9v,__linear__robin__minmax__byol_hulk_aug_mixed_model_resnet18__K10__balanced_fixed__info__,robin,minmax,linear,linear,wgoatix7,byol_hulk_aug_mixed_model_resnet18,hulk,byol,mixed,"[72.7272720336914, 72.38095092773438, 74.0259780883789, 68.39826965332031, 78.52813720703125, 77.3160171508789, 73.67965698242188, 71.51515197753906, 63.8961067199707, 65.679443359375]",resnet18,10
0zopquah,__linear__robin__minmax__byol_hulk_aug_minmax_model_resnet18__K10__balanced_fixed__info__,robin,minmax,linear,linear,uja9qvb7,byol_hulk_aug_minmax_model_resnet18,hulk,byol,minmax,"[74.71862030029297, 72.55411529541016, 71.42857360839844, 74.19913482666016, 74.19913482666016, 75.75757598876953, 72.03463745117188, 72.38095092773438, 62.59740447998047, 64.72125244140625]",resnet18,10
bneegkam,__linear__robin__minmax__byol_banner_aug_mixed_model_resnet18__K10__balanced_fixed__info__,robin,minmax,linear,linear,jymmsi6s,byol_banner_aug_mixed_model_resnet18,banner,byol,mixed,"[78.96104431152344, 72.90043640136719, 70.04328918457031, 73.59307861328125, 80.51948547363281, 78.6147232055664, 77.66233825683594, 74.0259780883789, 64.8484878540039, 64.80836486816406]",resnet18,10
